pid	Status	Started at	Completed at	Reviewed at	Archived at	Time taken	Completion code	Total approvals	Fluent languages	Age	Sex	Ethnicity simplified	Country of birth	Country of residence	Nationality	Language	Student status	Employment status
49	APPROVED	2023-01-22T21:05:42.943000Z	2023-01-22T21:22:22.871000Z	2023-01-26T00:09:28.867000	2023-01-22T21:22:23.523809Z	1000.0	CJETWGMX	1352	English	22	Female	White	United States	United States	United States	English	No	Full-Time
116	APPROVED	2023-01-22T21:04:14.837000Z	2023-01-22T21:24:55.949000Z	2023-01-26T00:09:29.045000	2023-01-22T21:24:56.348139Z	1242.0	CJETWGMX	1024	English	24	Female	White	United States	United States	United States	English	No	Part-Time
45	APPROVED	2023-01-22T21:05:52.861000Z	2023-01-22T21:31:04.764000Z	2023-01-26T00:09:29.212000	2023-01-22T21:31:06.604090Z	1512.0	CJETWGMX	738	English, Swedish	44	Male	White	United States	United States	United States	English	No	DATA_EXPIRED
118	APPROVED	2023-01-22T21:08:53.919000Z	2023-01-22T21:42:07.919000Z	2023-01-26T00:09:29.387000	2023-01-22T21:42:08.303729Z	1994.0	CJETWGMX	50	English	49	Male	White	United States	United States	United States	English	No	Full-Time
200	APPROVED	2023-01-22T21:12:53.783000Z	2023-01-22T22:04:58.446000Z	2023-01-26T00:09:29.544000	2023-01-22T22:04:58.761006Z	3125.0	CJETWGMX	501	English	64	Female	White	United States	United States	United States	English	No	DATA_EXPIRED
217	APPROVED	2023-01-22T21:13:49.043000Z	2023-01-22T21:51:35.686000Z	2023-01-26T00:09:29.719000	2023-01-22T21:51:36.045808Z	2267.0	CJETWGMX	266	English	23	Female	White	United States	United States	United States	English	Yes	Part-Time
140	APPROVED	2023-01-22T21:16:58.611000Z	2023-01-22T21:46:44.642000Z	2023-01-26T00:09:29.893000	2023-01-22T21:46:44.978527Z	1787.0	CJETWGMX	182	English	21	Male	White	United States	United States	United States	English	DATA_EXPIRED	DATA_EXPIRED
190	APPROVED	2023-01-22T21:20:10.894000Z	2023-01-22T21:38:59.579000Z	2023-01-26T00:09:30.051000	2023-01-22T21:39:00.005694Z	1129.0	CJETWGMX	934	English, Spanish	37	Female	White	United States	United States	United States	English	DATA_EXPIRED	DATA_EXPIRED
210	APPROVED	2023-01-22T21:21:15.635000Z	2023-01-22T21:52:38.871000Z	2023-01-26T00:09:30.225000	2023-01-22T21:52:39.714642Z	1884.0	CJETWGMX	920	English	40	Male	White	United States	United States	United States	English	No	Full-Time
83	APPROVED	2023-01-22T21:25:50.946000Z	2023-01-22T21:40:00.129000Z	2023-01-26T00:09:30.395000	2023-01-22T21:40:00.494017Z	850.0	CJETWGMX	31	English	29	Female	White	United States	United States	United States	English	Yes	DATA_EXPIRED
74	APPROVED	2023-01-22T21:28:40.970000Z	2023-01-22T22:06:32.288000Z	2023-01-26T00:09:30.555000	2023-01-22T22:06:32.879389Z	2272.0	CJETWGMX	15	English	38	Male	White	United States	United States	United States	English	No	Full-Time
113	APPROVED	2023-01-22T21:34:43.635000Z	2023-01-22T22:05:31.244000Z	2023-01-26T00:09:30.716000	2023-01-22T22:05:31.590419Z	1848.0	CJETWGMX	100	English	20	Female	White	United States	United States	United States	English	Yes	Unemployed (and job seeking)
166	APPROVED	2023-01-22T21:34:32.615000Z	2023-01-22T21:54:33.193000Z	2023-01-26T00:09:30.878000	2023-01-22T21:54:33.610783Z	1201.0	CJETWGMX.	407	English	26	Male	White	United States	United States	United States	English	Yes	DATA_EXPIRED
21	APPROVED	2023-01-22T21:34:44.850000Z	2023-01-22T22:24:54.709000Z	2023-01-26T00:09:31.051000	2023-01-22T22:24:55.117398Z	3010.0	CJETWGMX	3549	English, Korean, Japanese	32	Female	White	United States	United States	United States	English	No	Full-Time
234	APPROVED	2023-01-22T21:37:13.219000Z	2023-01-22T22:05:24.168000Z	2023-01-26T00:09:31.227000	2023-01-22T22:05:24.557633Z	1691.0	CJETWGMX	1047	English	33	Female	White	United States	United States	United States	English	DATA_EXPIRED	DATA_EXPIRED
53	APPROVED	2023-01-22T21:37:33.777000Z	2023-01-22T22:15:59.971000Z	2023-01-26T00:09:31.415000	2023-01-22T22:16:00.389825Z	2307.0	CJETWGMX	1397	English	47	Female	White	United States	United States	United States	English	No	Not in paid work (e.g. homemaker', 'retired or disabled)
5	APPROVED	2023-01-22T21:39:06.184000Z	2023-01-22T22:03:34.992000Z	2023-01-26T00:09:31.590000	2023-01-22T22:03:37.173165Z	1469.0	CJETWGMX	1036	English	39	Male	White	United States	United States	United States	English	DATA_EXPIRED	Not in paid work (e.g. homemaker', 'retired or disabled)
73	APPROVED	2023-01-22T21:39:09.314000Z	2023-01-22T22:02:13.780000Z	2023-01-26T00:09:31.757000	2023-01-22T22:02:14.139415Z	1385.0	CJETWGMX	1235	English	19	Female	White	United States	United States	United States	English	Yes	Part-Time
192	APPROVED	2023-01-22T21:39:42.099000Z	2023-01-22T22:08:07.467000Z	2023-01-26T00:09:31.929000	2023-01-22T22:08:07.853597Z	1706.0	CJETWGMX	16	English	38	Female	White	United States	United States	United States	English	No	Full-Time
8	APPROVED	2023-01-22T21:40:15.528000Z	2023-01-22T22:08:43.405000Z	2023-01-26T00:09:32.101000	2023-01-22T22:08:43.789650Z	1708.0	CJETWGMX	1097	English	42	Female	White	United States	United States	United States	English	No	Part-Time
86	APPROVED	2023-01-22T21:40:02.501000Z	2023-01-22T22:11:00.985000Z	2023-01-26T00:09:32.267000	2023-01-22T22:11:01.294713Z	1859.0	CJETWGMX.	636	English	77	Male	White	United States	United States	United States	English	DATA_EXPIRED	DATA_EXPIRED
32	APPROVED	2023-01-22T21:49:17.571000Z	2023-01-22T22:20:01.292000Z	2023-01-26T00:09:32.426000	2023-01-22T22:20:01.651163Z	1844.0	CJETWGMX	569	English	33	Female	White	United States	United States	United States	English	DATA_EXPIRED	DATA_EXPIRED
167	APPROVED	2023-01-22T21:48:52.341000Z	2023-01-22T22:24:33.061000Z	2023-01-26T00:09:32.593000	2023-01-22T22:24:33.478007Z	2141.0	CJETWGMX.	2066	English, French	66	Female	White	United States	United States	United States	English	No	Full-Time
78	APPROVED	2023-01-22T21:48:53.916000Z	2023-01-22T22:19:31.083000Z	2023-01-26T00:09:32.767000	2023-01-22T22:19:31.488603Z	1838.0	CJETWGMX	1176	English	27	Male	Asian	United States	United States	United States	Gujarati	Yes	Full-Time
131	APPROVED	2023-01-22T21:53:57.676000Z	2023-01-22T23:04:48.157000Z	2023-01-26T00:09:32.941000	2023-01-22T23:04:48.518103Z	4251.0	CJETWGMX	3168	English, Bengali	22	Female	Asian	Bangladesh	United States	United States	Bengali	No	Full-Time
212	APPROVED	2023-01-22T21:57:36.089000Z	2023-01-22T22:20:38.433000Z	2023-01-26T00:09:33.126000	2023-01-22T22:20:38.868556Z	1383.0	CJETWGMX	2825	English	26	Male	Black	United States	United States	United States	English	No	Full-Time
223	APPROVED	2023-01-22T22:04:27.030000Z	2023-01-22T22:42:14.006000Z	2023-01-26T00:09:33.303000	2023-01-22T22:42:14.511023Z	2267.0	CJETWGMX	2042	English	29	Female	White	United States	United States	United States	English	No	Part-Time
52	APPROVED	2023-01-22T22:22:08.958000Z	2023-01-22T23:34:31.450000Z	2023-01-26T00:09:33.481000	2023-01-22T23:34:31.816204Z	4343.0	CJETWGMX.	2763	English	48	Female	White	United States	United States	United States	English	DATA_EXPIRED	DATA_EXPIRED
42	APPROVED	2023-01-22T22:31:23.059000Z	2023-01-22T23:13:17.655000Z	2023-01-26T00:09:33.661000	2023-01-22T23:13:18.070957Z	2515.0	CJETWGMX	95	English	27	Male	White	United States	United States	United States	English	No	Other
193	APPROVED	2023-01-22T22:41:09.326000Z	2023-01-22T23:13:24.470000Z	2023-01-26T00:09:33.834000	2023-01-22T23:13:24.840390Z	1936.0	CJETWGMX	2075	English, Chinese	31	Female	Asian	China	United States	United States	Chinese	Yes	Full-Time
245	APPROVED	2023-01-22T23:11:54.461000Z	2023-01-22T23:48:13.878000Z	2023-01-26T00:09:34.009000	2023-01-22T23:48:14.277569Z	2180.0	CJETWGMX.	3362	English	57	Male	White	United States	United States	United States	English	No	Full-Time
9	APPROVED	2023-01-22T23:12:15.383000Z	2023-01-22T23:23:39.962000Z	2023-01-26T00:09:34.206000	2023-01-22T23:23:40.360507Z	685.0	CJETWGMX	656	English	21	Male	White	United States	United States	United States	English	Yes	DATA_EXPIRED
93	APPROVED	2023-01-22T23:11:59.537000Z	2023-01-23T00:07:48.673000Z	2023-01-26T00:09:34.385000	2023-01-23T00:07:49.027438Z	3350.0	CJETWGMX	3515	English, French	65	Female	White	Canada	United States	United States	English	No	DATA_EXPIRED
30	APPROVED	2023-01-22T23:12:00.847000Z	2023-01-22T23:46:33.788000Z	2023-01-26T00:09:34.566000	2023-01-22T23:46:34.170769Z	2073.0	CJETWGMX	1741	Spanish, English	28	Male	White	United States	United States	United States	English	No	Full-Time
43	APPROVED	2023-01-22T23:12:13.433000Z	2023-01-22T23:30:19.579000Z	2023-01-26T00:09:34.743000	2023-01-22T23:30:19.902252Z	1087.0	CJETWGMX	1301	English, Spanish	24	Female	White	United States	United States	United States	English	No	Unemployed (and job seeking)
142	APPROVED	2023-01-22T23:14:05.340000Z	2023-01-22T23:55:34.852000Z	2023-01-26T00:09:34.911000	2023-01-22T23:55:35.217148Z	2490.0	CJETWGMX	1283	English	32	Male	White	United States	United States	United States	English	Yes	Other
84	APPROVED	2023-01-22T23:12:13.152000Z	2023-01-22T23:59:57.731000Z	2023-01-26T00:09:35.088000	2023-01-22T23:59:58.047733Z	2865.0	CJETWGMX.	2643	English	57	Female	White	United States	United States	United States	English	No	Part-Time
272	APPROVED	2023-01-22T23:12:06.535000Z	2023-01-22T23:39:56.530000Z	2023-01-26T00:09:35.509000	2023-01-22T23:39:56.871430Z	1670.0	CJETWGMX.	1392	English	64	Female	Asian	United States	United States	United States	English	No	Full-Time
230	APPROVED	2023-01-22T23:12:16.121000Z	2023-01-22T23:42:13.970000Z	2023-01-26T00:09:35.693000	2023-01-22T23:42:14.327600Z	1798.0	CJETWGMX	5174	English	41	Female	White	United States	United States	United States	English	No	Other
260	APPROVED	2023-01-22T23:21:20.673000Z	2023-01-22T23:45:42.544000Z	2023-01-26T00:09:35.896000	2023-01-22T23:45:42.934457Z	1462.0	CJETWGMX	1360	English	53	Male	White	United States	United States	United States	English	No	Other
207	APPROVED	2023-01-22T23:12:10.132000Z	2023-01-22T23:43:48.640000Z	2023-01-26T00:09:36.077000	2023-01-22T23:43:49.046712Z	1899.0	CJETWGMX	4437	English	44	Male	White	United States	United States	United States	English	No	Full-Time
241	APPROVED	2023-01-22T23:12:10.319000Z	2023-01-23T00:05:28.178000Z	2023-01-26T00:09:36.258000	2023-01-23T00:05:28.551390Z	3198.0	CJETWGMX	1865	English	38	Male	White	United States	United States	United States	English	No	Full-Time
134	APPROVED	2023-01-22T23:12:10.708000Z	2023-01-22T23:47:59.518000Z	2023-01-26T00:09:36.441000	2023-01-22T23:47:59.877420Z	2149.0	CJETWGMX	1772	English	46	Male	Asian	Korea	United States	United States	English	DATA_EXPIRED	DATA_EXPIRED
25	APPROVED	2023-01-22T23:14:43.104000Z	2023-01-23T00:17:24.708000Z	2023-01-26T00:09:36.623000	2023-01-23T00:17:25.113686Z	3762.0	CJETWGMX	1581	English	24	Male	White	United States	United States	United States	English	DATA_EXPIRED	DATA_EXPIRED
183	APPROVED	2023-01-22T23:12:19.408000Z	2023-01-22T23:29:52.640000Z	2023-01-26T00:09:36.808000	2023-01-22T23:29:53.003688Z	1054.0	CJETWGMX	387	English	18	Male	Asian	United States	United States	United States	English	Yes	Other
275	APPROVED	2023-01-22T23:12:16.806000Z	2023-01-22T23:54:15.876000Z	2023-01-26T00:09:36.983000	2023-01-22T23:54:16.203552Z	2520.0	CJETWGMX	1267	English	49	Female	White	United States	United States	United States	English	No	Full-Time
63	APPROVED	2023-01-22T23:12:16.567000Z	2023-01-23T00:12:17.867000Z	2023-01-26T00:09:37.162000	2023-01-23T00:12:18.305044Z	3602.0	CJETWGMX.	3708	English	58	Female	White	United States	United States	United States	English	No	Full-Time
266	APPROVED	2023-01-22T23:15:56.469000Z	2023-01-23T00:27:51.420000Z	2023-01-26T00:09:37.340000	2023-01-23T00:27:51.845678Z	4315.0	CJETWGMX	1948	English	26	Female	White	United States	United States	United States	English	DATA_EXPIRED	Full-Time
188	APPROVED	2023-01-22T23:12:22.170000Z	2023-01-23T00:25:12.058000Z	2023-01-26T00:09:37.541000	2023-01-23T00:25:12.670444Z	4370.0	CJETWGMX	2399	English	40	Female	White	United States	United States	United States	English	No	Not in paid work (e.g. homemaker', 'retired or disabled)
227	APPROVED	2023-01-22T23:18:22.794000Z	2023-01-22T23:42:47.320000Z	2023-01-26T00:09:37.733000	2023-01-22T23:42:47.675032Z	1465.0	CJETWGMX	399	English	22	Male	White	United States	United States	United States	English	No	Unemployed (and job seeking)
164	APPROVED	2023-01-22T23:12:22.626000Z	2023-01-23T00:29:12.958000Z	2023-01-26T00:09:37.915000	2023-01-23T00:29:13.299060Z	4611.0	CJETWGMX	1518	English	27	Male	White	United States	United States	United States	English	No	Full-Time
98	APPROVED	2023-01-22T23:12:31.718000Z	2023-01-22T23:46:46.456000Z	2023-01-26T00:09:38.089000	2023-01-22T23:46:46.833377Z	2055.0	CJETWGMX	343	English	38	Female	White	United States	United States	United States	English	No	Unemployed (and job seeking)
69	APPROVED	2023-01-22T23:12:24.087000Z	2023-01-23T00:11:53.019000Z	2023-01-26T00:09:38.252000	2023-01-23T00:11:53.428379Z	3569.0	CJETWGMX	2763	English	72	Male	White	United States	United States	United States	English	No	Full-Time
59	APPROVED	2023-01-22T23:12:24.873000Z	2023-01-22T23:44:14.959000Z	2023-01-26T00:09:38.428000	2023-01-22T23:44:15.375097Z	1911.0	CJETWGMX	965	English	28	Male	Mixed	United States	United States	United States	English	DATA_EXPIRED	DATA_EXPIRED
237	APPROVED	2023-01-22T23:12:28.814000Z	2023-01-22T23:34:02.154000Z	2023-01-26T00:09:38.597000	2023-01-22T23:34:02.620460Z	1294.0	CJETWGMX	97	English	44	Female	White	United States	United States	United States	English	No	DATA_EXPIRED
224	APPROVED	2023-01-22T23:12:35.593000Z	2023-01-23T00:20:26.014000Z	2023-01-26T00:09:38.772000	2023-01-23T00:20:26.343113Z	4071.0	CJETWGMX	3794	English	37	Female	White	United States	United States	United States	English	No	Part-Time
79	APPROVED	2023-01-22T23:12:40.125000Z	2023-01-22T23:34:54.179000Z	2023-01-26T00:09:38.952000	2023-01-22T23:34:54.562261Z	1335.0	CJETWGMX.	3340	English	45	Female	Mixed	United States	United States	United States	English	No	Not in paid work (e.g. homemaker', 'retired or disabled)
133	APPROVED	2023-01-22T23:12:33.523000Z	2023-01-22T23:59:18.241000Z	2023-01-26T00:09:39.134000	2023-01-22T23:59:18.610469Z	2805.0	CJETWGMX.	938	English, French	52	Female	Mixed	United States	United States	United States	English	No	Other
22	APPROVED	2023-01-22T23:12:36.027000Z	2023-01-23T00:25:02.024000Z	2023-01-26T00:16:24.627000	2023-01-23T00:25:02.349486Z	4346.0	CJETWGMX	930	English, Spanish	DATA_EXPIRED	Female	White	United States	United States	United States	English	No	Other
28	APPROVED	2023-01-22T23:12:35.372000Z	2023-01-22T23:31:16.499000Z	2023-01-26T00:09:39.322000	2023-01-22T23:31:16.921645Z	1122.0	CJETWGMX	846	English	31	Male	Mixed	United States	United States	United States	English	No	Full-Time
162	APPROVED	2023-01-22T23:12:31.387000Z	2023-01-22T23:30:50.113000Z	2023-01-26T00:09:39.504000	2023-01-22T23:30:50.462664Z	1099.0	CJETWGMX	839	English	18	Male	Black	United States	United States	United States	English	Yes	Unemployed (and job seeking)
204	APPROVED	2023-01-22T23:12:39.487000Z	2023-01-23T00:20:08.089000Z	2023-01-26T00:16:24.790000	2023-01-23T00:20:08.498684Z	4049.0	CJETWGMX	2294	English	40	Male	White	United States	United States	United States	English	DATA_EXPIRED	DATA_EXPIRED
26	APPROVED	2023-01-22T23:12:41.956000Z	2023-01-22T23:33:07.016000Z	2023-01-26T00:09:39.680000	2023-01-22T23:33:07.428146Z	1226.0	CJETWGMX.	498	English	38	Female	White	United States	United States	United States	English	No	Not in paid work (e.g. homemaker', 'retired or disabled)
50	APPROVED	2023-01-22T23:12:41.577000Z	2023-01-22T23:35:43.862000Z	2023-01-26T00:09:39.854000	2023-01-22T23:35:44.166560Z	1383.0	CJETWGMX	81	English	50	Male	Asian	Japan	United States	United States	English	No	Unemployed (and job seeking)
269	APPROVED	2023-01-22T23:12:43.871000Z	2023-01-22T23:58:15.132000Z	2023-01-26T00:09:40.026000	2023-01-22T23:58:15.522534Z	2732.0	CJETWGMX	548	English	36	Male	Black	United States	United States	United States	English	No	Full-Time
123	APPROVED	2023-01-22T23:12:46.044000Z	2023-01-23T00:29:24.636000Z	2023-01-26T00:09:40.206000	2023-01-23T00:29:25.018971Z	4599.0	CJETWGMX	1818	English, French	31	Male	White	United States	United States	United States	English	No	Full-Time
139	APPROVED	2023-01-22T23:12:51.042000Z	2023-01-22T23:38:47.695000Z	2023-01-26T00:09:40.391000	2023-01-22T23:38:48.059459Z	1557.0	CJETWGMX	857	English	36	Female	White	United States	United States	United States	English	No	Part-Time
60	APPROVED	2023-01-22T23:12:56.574000Z	2023-01-22T23:37:11.742000Z	2023-01-26T00:09:40.568000	2023-01-22T23:37:12.141367Z	1456.0	CJETWGMX.	395	English	27	Female	White	United States	United States	United States	English	No	Full-Time
75	APPROVED	2023-01-22T23:12:51.678000Z	2023-01-22T23:56:09.543000Z	2023-01-26T00:09:40.751000	2023-01-22T23:56:09.935773Z	2598.0	CJETWGMX	3291	English	31	Female	DATA_EXPIRED	United States	United States	United States	English	Yes	DATA_EXPIRED
148	APPROVED	2023-01-22T23:12:59.416000Z	2023-01-23T00:07:15.955000Z	2023-01-26T00:09:40.944000	2023-01-23T00:07:16.372141Z	3257.0	CJETWGMX	6262	English	56	Female	Black	United States	United States	United States	English	No	Full-Time
218	APPROVED	2023-01-22T23:15:51.145000Z	2023-01-23T00:22:51.939000Z	2023-01-26T00:09:41.119000	2023-01-23T00:22:52.319694Z	4021.0	CJETWGMX	1682	English	25	Male	White	United States	United States	United States	English	DATA_EXPIRED	DATA_EXPIRED
157	APPROVED	2023-01-22T23:12:56.171000Z	2023-01-22T23:47:58.479000Z	2023-01-26T00:09:41.287000	2023-01-22T23:47:58.891214Z	2103.0	CJETWGMX	4028	English	48	Male	White	United States	United States	United States	Greek	No	Part-Time
65	APPROVED	2023-01-22T23:12:56.417000Z	2023-01-22T23:31:18.570000Z	2023-01-26T00:09:41.486000	2023-01-22T23:31:18.951936Z	1103.0	CJETWGMX	897	English	39	Male	Mixed	United States	United States	United States	English	No	Full-Time
27	APPROVED	2023-01-22T23:12:56.660000Z	2023-01-22T23:50:25.602000Z	2023-01-26T00:09:41.659000	2023-01-22T23:50:26.126142Z	2249.0	CJETWGMX	380	English	34	Female	White	United States	United States	United States	English	No	Full-Time
128	APPROVED	2023-01-22T23:12:57.730000Z	2023-01-23T00:11:35.443000Z	2023-01-26T00:09:41.827000	2023-01-23T00:11:35.846057Z	3518.0	CJETWGMX	2603	English	49	Female	White	United States	United States	United States	English	No	Full-Time
209	APPROVED	2023-01-22T23:14:46.547000Z	2023-01-23T00:15:23.435000Z	2023-01-26T00:09:42.007000	2023-01-23T00:15:23.741700Z	3637.0	CJETWGMX	406	English	56	Male	White	United States	United States	United States	English	No	Full-Time
169	APPROVED	2023-01-22T23:13:03.604000Z	2023-01-22T23:32:06.315000Z	2023-01-26T00:09:42.262000	2023-01-22T23:32:06.810046Z	1143.0	CJETWGMX	1948	English	36	Female	White	United States	United States	United States	English	Yes	Full-Time
56	APPROVED	2023-01-22T23:16:11.736000Z	2023-01-23T00:08:58.740000Z	2023-01-26T00:16:24.963000	2023-01-23T00:08:59.067948Z	3168.0	CJETWGMX	140	English	36	Male	White	United States	United States	United States	English	No	Full-Time
36	APPROVED	2023-01-22T23:17:46.920000Z	2023-01-23T00:12:06.218000Z	2023-01-26T00:09:42.440000	2023-01-23T00:12:06.664671Z	3260.0	CJETWGMX	2285	English, Spanish	DATA_EXPIRED	Female	DATA_EXPIRED	United States	United States	United States	English	No	Full-Time
62	APPROVED	2023-01-22T23:13:07.580000Z	2023-01-22T23:34:49.956000Z	2023-01-26T00:09:42.622000	2023-01-22T23:34:50.338105Z	1303.0	CJETWGMX	496	French, English	51	Male	White	United States	United States	United States	English	No	Full-Time
262	APPROVED	2023-01-22T23:13:04.183000Z	2023-01-22T23:35:42.818000Z	2023-01-26T00:16:25.129000	2023-01-22T23:35:43.231307Z	1359.0	CJETWGMX	558	English	32	Female	White	United States	United States	United States	English	No	Part-Time
64	APPROVED	2023-01-22T23:13:04.011000Z	2023-01-22T23:46:34.654000Z	2023-01-26T00:09:42.797000	2023-01-22T23:46:35.429430Z	2011.0	CJETWGMX	1391	English	44	Male	Other	United States	United States	United States	English	Yes	Unemployed (and job seeking)
216	APPROVED	2023-01-22T23:13:05.587000Z	2023-01-22T23:50:07.079000Z	2023-01-26T00:09:42.978000	2023-01-22T23:50:07.471261Z	2222.0	CJETWGMX	2874	English	65	Male	White	United States	United States	United States	English	No	Not in paid work (e.g. homemaker', 'retired or disabled)
94	APPROVED	2023-01-22T23:13:14.706000Z	2023-01-23T00:07:49.677000Z	2023-01-26T00:09:43.155000	2023-01-23T00:07:50.043749Z	3275.0	CJETWGMX	752	English	38	Male	White	United States	United States	United States	English	No	Full-Time
165	APPROVED	2023-01-22T23:13:07.913000Z	2023-01-23T00:06:23.249000Z	2023-01-26T00:09:43.328000	2023-01-23T00:06:23.653901Z	3196.0	CJETWGMX.	4249	English	39	Female	White	United States	United States	United States	English	DATA_EXPIRED	DATA_EXPIRED
107	APPROVED	2023-01-22T23:13:12.122000Z	2023-01-22T23:46:31.610000Z	2023-01-26T00:09:43.516000	2023-01-22T23:46:32.035573Z	2000.0	CJETWGMX	4121	English	33	Male	White	United States	United States	United States	English	No	Unemployed (and job seeking)
282	RETURNED	2023-01-22T23:13:15.172000Z	2023-01-23T00:24:26.753000Z		2023-01-23T00:24:27.160000Z		NOCODE	2959	CONSENT_REVOKED	CONSENT_REVOKED	CONSENT_REVOKED	CONSENT_REVOKED	CONSENT_REVOKED	CONSENT_REVOKED	CONSENT_REVOKED	CONSENT_REVOKED	CONSENT_REVOKED	CONSENT_REVOKED
219	APPROVED	2023-01-22T23:13:15.402000Z	2023-01-23T00:25:30.154000Z	2023-01-26T00:09:43.693000	2023-01-23T00:25:30.507841Z	4335.0	CJETWGMX	820	English	31	Male	White	United States	United States	United States	English	No	Part-Time
244	APPROVED	2023-01-22T23:13:20.780000Z	2023-01-22T23:35:41.012000Z	2023-01-26T00:09:43.872000	2023-01-22T23:35:41.326112Z	1341.0	CJETWGMX	174	English	34	Male	Mixed	United States	United States	United States	English	No	Unemployed (and job seeking)
256	APPROVED	2023-01-22T23:13:17.913000Z	2023-01-22T23:33:31.004000Z	2023-01-26T00:09:44.043000	2023-01-22T23:33:31.351828Z	1214.0	CJETWGMX	3021	English	38	Male	Mixed	United States	United States	United States	English	No	DATA_EXPIRED
122	APPROVED	2023-01-22T23:16:18.834000Z	2023-01-22T23:44:40.847000Z	2023-01-26T00:09:44.218000	2023-01-22T23:44:41.226535Z	1703.0	CJETWGMX	1467	English, Spanish	30	Male	White	United States	United States	United States	English	No	Full-Time
158	APPROVED	2023-01-22T23:13:22.674000Z	2023-01-23T00:08:31.863000Z	2023-01-26T00:16:25.293000	2023-01-23T00:08:32.177057Z	3310.0	CJETWGMX	2858	English	57	Female	Mixed	United States	United States	United States	English	No	Full-Time
135	APPROVED	2023-01-22T23:13:21.424000Z	2023-01-23T00:18:21.401000Z	2023-01-26T00:09:44.399000	2023-01-23T00:18:21.777755Z	3900.0	CJETWGMX	1109	English	36	Female	Black	United States	United States	United States	English	DATA_EXPIRED	DATA_EXPIRED
252	APPROVED	2023-01-22T23:17:26.199000Z	2023-01-22T23:53:41.924000Z	2023-01-26T00:09:44.577000	2023-01-22T23:53:42.321400Z	2176.0	CJETWGMX	1463	English	42	Male	White	United States	United States	United States	English	No	Not in paid work (e.g. homemaker', 'retired or disabled)
239	APPROVED	2023-01-22T23:13:23.213000Z	2023-01-22T23:53:53.129000Z	2023-01-26T00:09:44.747000	2023-01-22T23:53:53.518480Z	2430.0	CJETWGMX	263	English	29	Male	White	United States	United States	United States	English	No	Unemployed (and job seeking)
177	APPROVED	2023-01-22T23:13:40.599000Z	2023-01-22T23:39:35.504000Z	2023-01-26T00:09:44.932000	2023-01-22T23:39:35.853634Z	1555.0	CJETWGMX	65	English	24	Male	Mixed	United States	United States	United States	English	No	Full-Time
257	APPROVED	2023-01-22T23:13:31.957000Z	2023-01-22T23:47:43.722000Z	2023-01-26T00:09:45.101000	2023-01-22T23:47:44.095525Z	2052.0	CJETWGMX	173	English	22	Male	White	United States	United States	United States	English	No	Unemployed (and job seeking)
211	APPROVED	2023-01-22T23:13:29.182000Z	2023-01-22T23:38:25.769000Z	2023-01-26T00:09:45.491000	2023-01-22T23:38:26.079289Z	1497.0	CJETWGMX	3134	English	33	Male	White	United States	United States	United States	English	No	Full-Time
136	APPROVED	2023-01-22T23:13:43.425000Z	2023-01-22T23:49:36.428000Z	2023-01-26T00:09:45.677000	2023-01-22T23:49:36.788858Z	2154.0	CJETWGMX	1105	English	37	Female	White	United States	United States	United States	English	No	Full-Time
151	APPROVED	2023-01-22T23:16:15.836000Z	2023-01-22T23:47:21.297000Z	2023-01-26T00:09:45.847000	2023-01-22T23:47:21.631145Z	1866.0	CJETWGMX	2328	English	DATA_EXPIRED	Male	White	United States	United States	United States	English	DATA_EXPIRED	DATA_EXPIRED
120	APPROVED	2023-01-22T23:16:49.545000Z	2023-01-22T23:32:54.624000Z	2023-01-26T00:09:46.021000	2023-01-22T23:32:55.009457Z	966.0	CJETWGMX	4747	English	55	Male	White	United States	United States	United States	English	No	Full-Time
67	APPROVED	2023-01-22T23:21:06.815000Z	2023-01-23T00:32:47.483000Z	2023-01-26T00:09:46.207000	2023-01-23T00:32:47.797603Z	4301.0	CJETWGMX	5444	English	51	Female	Black	United States	United States	United States	English	No	Full-Time
265	APPROVED	2023-01-22T23:19:10.382000Z	2023-01-22T23:38:51.747000Z	2023-01-26T00:09:46.392000	2023-01-22T23:38:52.142214Z	1182.0	CJETWGMX	490	English	24	Female	White	United States	United States	United States	English	DATA_EXPIRED	DATA_EXPIRED
181	APPROVED	2023-01-22T23:21:33.688000Z	2023-01-22T23:56:27.948000Z	2023-01-26T00:09:46.554000	2023-01-22T23:56:28.352618Z	2095.0	CJETWGMX	2650	English	30	Male	White	United States	United States	United States	English	No	Part-Time
95	APPROVED	2023-01-22T23:19:50.267000Z	2023-01-22T23:45:01.575000Z	2023-01-26T00:09:46.745000	2023-01-22T23:45:01.956883Z	1512.0	CJETWGMX	1502	English	34	Male	White	United States	United States	United States	English	No	Full-Time
261	APPROVED	2023-01-22T23:20:51.592000Z	2023-01-23T00:21:57.425000Z	2023-01-26T00:09:46.918000	2023-01-23T00:21:57.742760Z	3666.0	CJETWGMX.	560	English	31	Male	White	United States	United States	United States	English	No	Part-Time
147	APPROVED	2023-01-22T23:21:05.483000Z	2023-01-23T00:29:36.159000Z	2023-01-26T00:09:47.100000	2023-01-23T00:29:36.844644Z	4111.0	CJETWGMX	3291	English, Spanish	40	Male	Black	United States	United States	United States	English	No	Full-Time
41	APPROVED	2023-01-22T23:30:06.911000Z	2023-01-23T00:34:54.126000Z	2023-01-26T00:09:47.280000	2023-01-23T00:34:54.513354Z	3888.0	CJETWGMX	652	Rather not say, English	19	Female	Mixed	United States	United States	United States	English	No	Full-Time
127	APPROVED	2023-01-22T23:23:05.773000Z	2023-01-23T00:00:27.326000Z	2023-01-26T00:09:47.460000	2023-01-23T00:01:11.988573Z	2242.0	CJETWGMX	637	English	31	Female	White	United States	United States	United States	English	No	Not in paid work (e.g. homemaker', 'retired or disabled)
251	APPROVED	2023-01-22T23:24:39.795000Z	2023-01-23T00:11:32.111000Z	2023-01-26T00:09:47.635000	2023-01-23T00:11:32.437411Z	2813.0	CJETWGMX	1512	English	32	Male	White	United States	United States	United States	English	No	Part-Time
110	APPROVED	2023-01-22T23:25:01.867000Z	2023-01-23T00:37:29.225000Z	2023-01-26T00:09:47.812000	2023-01-23T00:37:29.558068Z	4348.0	NOCODE	2556	English	32	Male	White	United States	United States	United States	English	No	Unemployed (and job seeking)
240	APPROVED	2023-01-22T23:25:22.462000Z	2023-01-23T00:10:19.220000Z	2023-01-26T00:09:47.990000	2023-01-23T00:10:19.588362Z	2697.0	CJETWGMX	1604	English	26	Male	White	United States	United States	United States	English	No	Full-Time
185	APPROVED	2023-01-22T23:25:47.415000Z	2023-01-22T23:52:46.451000Z	2023-01-26T00:09:48.156000	2023-01-22T23:52:46.794818Z	1620.0	CJETWGMX	3235	English, Spanish	27	Male	White	United States	United States	United States	English	No	Full-Time
87	APPROVED	2023-01-22T23:26:33.983000Z	2023-01-23T00:13:19.381000Z	2023-01-26T00:09:48.347000	2023-01-23T00:13:19.782905Z	2806.0	CJETWGMX	4290	Chinese, English	34	Male	Asian	China	United States	United States	Chinese	No	Full-Time
179	APPROVED	2023-01-22T23:27:51.297000Z	2023-01-23T00:06:34.862000Z	2023-01-26T00:09:48.532000	2023-01-23T00:06:35.169647Z	2324.0	CJETWGMX.	36	Arabic, English	72	Male	White	Jordan	United States	United States	Arabic	No	Part-Time
3	APPROVED	2023-01-22T23:28:56.849000Z	2023-01-23T00:54:18.419000Z	2023-01-26T00:09:48.699000	2023-01-23T00:54:18.731777Z	5122.0	CJETWGMX	1999	English, Armenian, Arabic	39	Male	White	United States	United States	United States	English	No	Part-Time
213	APPROVED	2023-01-22T23:31:36.094000Z	2023-01-22T23:57:42.965000Z	2023-01-26T00:09:48.873000	2023-01-22T23:57:43.372768Z	1567.0	CJETWGMX	3793	English	45	Female	White	United States	United States	United States	English	No	Full-Time
225	APPROVED	2023-01-22T23:32:00.369000Z	2023-01-23T00:06:41.241000Z	2023-01-26T00:09:49.054000	2023-01-23T00:06:41.570871Z	2081.0	CJETWGMX	1647	English	32	Male	White	United States	United States	United States	English	DATA_EXPIRED	DATA_EXPIRED
20	APPROVED	2023-01-22T23:34:03.184000Z	2023-01-23T00:28:49.805000Z	2023-01-26T00:09:49.226000	2023-01-23T00:28:50.138972Z	3287.0	CJETWGMX	1095	English, Spanish	48	Female	White	United States	United States	United States	English	No	Full-Time
11	APPROVED	2023-01-22T23:32:22.289000Z	2023-01-23T00:23:01.856000Z	2023-01-26T00:09:49.402000	2023-01-23T00:23:02.186313Z	3040.0	NOCODE	383	English, German, French	42	Male	Black	United Kingdom	United States	United States	English	DATA_EXPIRED	Full-Time
96	APPROVED	2023-01-22T23:32:55.925000Z	2023-01-23T00:10:14.982000Z	2023-01-26T00:16:25.468000	2023-01-23T00:10:15.438192Z	2240.0	CJETWGMX.	1919	English	50	Female	White	United States	United States	United States	English	DATA_EXPIRED	DATA_EXPIRED
280	APPROVED	2023-01-22T23:34:16.135000Z	2023-01-22T23:56:27.650000Z	2023-01-26T00:09:49.575000	2023-01-22T23:56:27.981127Z	1332.0	CJETWGMX.	2918	English	35	Male	White	United States	United States	United States	English	No	Part-Time
88	APPROVED	2023-01-22T23:34:52.059000Z	2023-01-23T00:17:14.821000Z	2023-01-26T00:09:49.760000	2023-01-23T00:17:15.189424Z	2543.0	CJETWGMX	4063	English	42	Male	Asian	United States	United States	United States	English	No	Full-Time
163	APPROVED	2023-01-22T23:38:18.472000Z	2023-01-23T00:43:17.783000Z	2023-01-26T00:09:49.933000	2023-01-23T00:43:18.162197Z	3900.0	CJETWGMX	1154	English	DATA_EXPIRED	Male	White	United States	United States	United States	English	No	Part-Time
175	APPROVED	2023-01-22T23:38:44.224000Z	2023-01-23T00:21:22.321000Z	2023-01-26T00:09:50.109000	2023-01-23T00:21:22.693593Z	2559.0	CJETWGMX	1054	English	40	Female	White	United States	United States	United States	English	No	Full-Time
92	APPROVED	2023-01-22T23:40:38.427000Z	2023-01-23T00:31:07.228000Z	2023-01-26T00:09:50.296000	2023-01-23T00:31:07.643361Z	3029.0	CJETWGMX	5489	English	67	Male	White	United States	United States	United States	English	No	Not in paid work (e.g. homemaker', 'retired or disabled)
33	APPROVED	2023-01-22T23:41:56.370000Z	2023-01-23T00:08:44.917000Z	2023-01-26T00:09:50.472000	2023-01-23T00:08:45.312203Z	1609.0	CJETWGMX	5196	English	38	Male	White	United States	United States	United States	English	No	Full-Time
54	APPROVED	2023-01-22T23:45:00.908000Z	2023-01-23T00:25:13.113000Z	2023-01-26T00:09:50.653000	2023-01-23T00:25:13.526491Z	2413.0	CJETWGMX	3742	Turkish, Russian, English	23	Male	White	United States	United States	United States	English	Yes	Part-Time
202	APPROVED	2023-01-22T23:46:13.226000Z	2023-01-23T00:17:55.343000Z	2023-01-26T00:09:50.834000	2023-01-23T00:17:55.720563Z	1903.0	CJETWGMX	233	English	23	Male	Asian	United States	United States	United States	English	No	Unemployed (and job seeking)
196	APPROVED	2023-01-22T23:46:52.733000Z	2023-01-23T00:07:35.921000Z	2023-01-26T00:09:51.005000	2023-01-23T00:07:36.318008Z	1244.0	CJETWGMX	127	English	29	Female	White	United States	United States	United States	English	No	Full-Time
215	APPROVED	2023-01-22T23:47:16.068000Z	2023-01-23T00:49:13.382000Z	2023-01-26T00:09:51.178000	2023-01-23T00:49:13.742890Z	3718.0	CJETWGMX	1114	English	47	Male	White	United States	United States	United States	English	No	Other
205	APPROVED	2023-01-22T23:53:09.186000Z	2023-01-23T01:06:37.027000Z	2023-01-26T00:09:51.357000	2023-01-23T01:06:37.431660Z	4408.0	CJETWGMX	1460	English	27	Male	White	United States	United States	United States	English	No	Full-Time
4	APPROVED	2023-01-22T23:54:52.308000Z	2023-01-23T00:23:02.695000Z	2023-01-26T00:09:51.531000	2023-01-23T00:23:03.077443Z	1691.0	CJETWGMX	2572	English, Spanish, French	38	Female	White	Mexico	United States	United States	Spanish	No	Unemployed (and job seeking)
278	APPROVED	2023-01-23T00:01:49.490000Z	2023-01-23T00:29:55.036000Z	2023-01-26T00:09:51.717000	2023-01-23T00:29:55.370057Z	1686.0	CJETWGMX	822	Chinese, English	45	Male	Asian	Singapore	United States	United States	English	No	Full-Time
10	APPROVED	2023-01-23T00:01:15.402000Z	2023-01-23T00:32:23.065000Z	2023-01-26T00:09:51.892000	2023-01-23T00:32:23.440416Z	1868.0	CJETWGMX	5107	English	44	Female	White	United States	United States	United States	English	No	DATA_EXPIRED
57	APPROVED	2023-01-23T00:09:14.068000Z	2023-01-23T00:42:35.485000Z	2023-01-26T00:09:52.080000	2023-01-23T00:42:35.865950Z	2002.0	CJETWGMX	4435	English	41	Female	White	United States	United States	United States	English	No	Full-Time
68	APPROVED	2023-01-23T00:30:33.185000Z	2023-01-23T01:12:00.623000Z	2023-01-26T00:16:25.637000	2023-01-23T01:12:01.011536Z	2488.0	CJETWGMX	435	Spanish, English	42	Female	Mixed	United States	United States	United States	English	Yes	Full-Time
187	APPROVED	2023-01-23T00:30:22.208000Z	2023-01-23T00:46:03.175000Z	2023-01-26T00:09:52.278000	2023-01-23T00:46:03.527179Z	941.0	CJETWGMX	973	English, Spanish	45	Male	White	United States	United States	United States	English	DATA_EXPIRED	Full-Time
129	APPROVED	2023-01-23T00:30:27.801000Z	2023-01-23T01:26:27.373000Z	2023-01-26T00:09:52.450000	2023-01-23T01:26:27.755120Z	3360.0	CJETWGMX	3120	English	53	Female	White	United States	United States	United States	English	No	Full-Time
37	APPROVED	2023-01-23T00:31:03.234000Z	2023-01-23T01:41:03.526000Z	2023-01-26T00:09:52.626000	2023-01-23T01:41:03.938992Z	4201.0	CJETWGMX	2949	English	24	Female	Black	United States	United States	United States	English	No	Unemployed (and job seeking)
149	APPROVED	2023-01-23T00:32:42.670000Z	2023-01-23T01:10:32.949000Z	2023-01-26T00:09:52.808000	2023-01-23T01:10:33.343906Z	2271.0	CJETWGMX	3633	English	44	Male	White	United States	United States	United States	English	No	DATA_EXPIRED
23	APPROVED	2023-01-23T00:34:36.981000Z	2023-01-23T01:08:29.029000Z	2023-01-26T00:09:52.987000	2023-01-23T01:08:29.389146Z	2033.0	CJETWGMX	1028	English, Spanish	20	Male	Other	United States	United States	United States	English	Yes	Other
231	APPROVED	2023-01-23T00:39:27.536000Z	2023-01-23T01:09:29.371000Z	2023-01-26T00:09:53.151000	2023-01-23T01:09:29.672277Z	1802.0	CJETWGMX	4074	English, Spanish	31	Male	Other	United States	United States	United States	English	No	DATA_EXPIRED
170	APPROVED	2023-01-23T00:42:31.395000Z	2023-01-23T00:57:07.154000Z	2023-01-26T00:09:53.335000	2023-01-23T00:57:07.511522Z	876.0	CJETWGMX	2695	English	36	Male	White	United States	United States	United States	English	Yes	Full-Time
103	APPROVED	2023-01-23T00:45:26.389000Z	2023-01-23T01:47:39.963000Z	2023-01-26T00:16:25.805000	2023-01-23T01:47:40.359689Z	3734.0	CJETWGMX	1679	English	45	Female	Black	United States	United States	United States	English	Yes	Full-Time
7	APPROVED	2023-01-23T00:45:12.459000Z	2023-01-23T01:34:10.128000Z	2023-01-26T00:09:53.511000	2023-01-23T01:34:10.489851Z	2938.0	CJETWGMX	1142	English	59	Male	White	United States	United States	United States	English	No	Full-Time
114	APPROVED	2023-01-23T00:47:35.979000Z	2023-01-23T01:39:52.846000Z	2023-01-26T00:09:53.686000	2023-01-23T01:39:53.232966Z	3137.0	CJETWGMX	3279	English	59	Male	White	United States	United States	United States	English	No	Not in paid work (e.g. homemaker', 'retired or disabled)
99	APPROVED	2023-01-23T01:06:53.160000Z	2023-01-23T01:55:35.385000Z	2023-01-26T00:16:25.982000	2023-01-23T01:55:35.727204Z	2923.0	NOCODE	4395	English	34	Male	White	United States	United States	United States	English	No	Full-Time
279	APPROVED	2023-01-23T01:20:08.184000Z	2023-01-23T02:01:13.984000Z	2023-01-26T00:09:53.862000	2023-01-23T02:01:14.760601Z	2466.0	CJETWGMX	2324	English, Spanish	49	Female	White	United States	United States	United States	English	No	Full-Time
258	APPROVED	2023-01-25T21:42:57.275000Z	2023-01-25T22:17:08.554000Z	2023-01-26T00:16:26.164000	2023-01-25T22:17:08.913951Z	2052.0	CJETWGMX	3308	English	34	Female	Mixed	United States	United States	United States	English	No	Full-Time
152	APPROVED	2023-01-25T21:43:04.869000Z	2023-01-25T22:24:22.419000Z	2023-01-26T00:09:54.040000	2023-01-25T22:24:23.366513Z	2478.0	CJETWGMX	1658	English, Spanish	35	Male	DATA_EXPIRED	United States	United States	United States	English	DATA_EXPIRED	DATA_EXPIRED
2	APPROVED	2023-01-25T21:43:22.955000Z	2023-01-25T22:07:43.086000Z	2023-01-26T00:09:54.218000	2023-01-25T22:07:57.708132Z	1461.0	CJETWGMX	1429	English	36	Male	White	United States	United States	United States	English	No	Unemployed (and job seeking)
264	APPROVED	2023-01-25T21:43:03.041000Z	2023-01-25T22:20:09.744000Z	2023-01-26T00:09:54.406000	2023-01-25T22:20:10.146361Z	2227.0	CJETWGMX	141	English	41	Female	White	United States	United States	United States	English	No	Not in paid work (e.g. homemaker', 'retired or disabled)
276	APPROVED	2023-01-25T21:44:27.966000Z	2023-01-25T22:23:14.157000Z	2023-01-26T00:09:54.592000	2023-01-25T22:23:14.672729Z	2327.0	CJETWGMX	870	English, French	37	Female	White	United States	United States	United States	English	Yes	Full-Time
197	APPROVED	2023-01-25T21:43:05.828000Z	2023-01-25T22:16:10.929000Z	2023-01-26T00:09:54.785000	2023-01-25T22:16:11.290888Z	1986.0	CJETWGMX	386	English	59	Male	White	United States	United States	United States	English	No	Full-Time
281	APPROVED	2023-01-25T21:43:10.511000Z	2023-01-25T22:01:47.869000Z	2023-01-26T00:09:54.973000	2023-01-25T22:01:48.237668Z	1118.0	CJETWGMX	3043	English	41	Female	White	United States	United States	United States	English	No	Full-Time
182	APPROVED	2023-01-25T21:43:54.528000Z	2023-01-25T22:37:21.124000Z	2023-01-26T00:09:55.150000	2023-01-25T22:37:21.537767Z	3207.0	CJETWGMX	4222	English	37	Female	Black	Zimbabwe	United States	United States	English	No	DATA_EXPIRED
13	APPROVED	2023-01-25T21:43:07.354000Z	2023-01-25T22:24:37.682000Z	2023-01-26T00:09:55.334000	2023-01-25T22:24:42.644355Z	2491.0	CJETWGMX	2868	English	53	Male	White	United States	United States	United States	English	No	Full-Time
112	APPROVED	2023-01-25T21:44:28.713000Z	2023-01-25T22:07:01.022000Z	2023-01-26T00:09:55.531000	2023-01-25T22:07:03.390097Z	1353.0	CJETWGMX	651	English	45	Male	White	United States	United States	United States	English	No	Full-Time
137	APPROVED	2023-01-25T21:43:12.810000Z	2023-01-25T22:21:37.975000Z	2023-01-26T00:09:55.715000	2023-01-25T22:21:40.983203Z	2306.0	CJETWGMX	2872	English	30	Male	White	United States	United States	United States	English	No	Full-Time
6	APPROVED	2023-01-25T22:03:10.204000Z	2023-01-25T22:37:40.825000Z	2023-01-26T00:16:26.335000	2023-01-25T22:37:41.263879Z	2071.0	CJETWGMX	1921	English	34	Female	White	United States	United States	United States	English	No	Full-Time
168	APPROVED	2023-01-25T22:11:05.448000Z	2023-01-25T22:33:21.388000Z	2023-01-26T00:09:55.905000	2023-01-25T22:33:21.734850Z	1336.0	CJETWGMX	1297	English	58	Female	White	United States	United States	United States	English	No	Full-Time
232	APPROVED	2023-01-25T22:53:28.109000Z	2023-01-25T23:14:37.278000Z	2023-01-26T00:09:56.099000	2023-01-25T23:14:37.745864Z	1270.0	CJETWGMX	1835	English	37	Female	White	United States	United States	United States	English	No	Part-Time
132	APPROVED	2023-01-25T22:53:30.531000Z	2023-01-25T23:09:48.240000Z	2023-01-26T00:09:56.294000	2023-01-25T23:09:48.800177Z	978.0	CJETWGMX	2940	English	24	Male	White	United States	United States	United States	English	Yes	Full-Time
