seed	graph_type	AB	AC	BC
0	separate	none	none	none
0	common_effect	none	forward	forward
0	common_cause	backward	none	forward
0	line	none	forward	backward
0	pair	none	none	forward
0	skip	backward	backward	forward
0	separate	none	none	none
0	common_effect	none	forward	forward
0	common_cause	backward	none	forward
0	line	none	forward	backward
0	pair	none	none	forward
0	skip	backward	backward	forward
0	separate	none	none	none
0	common_effect	none	forward	forward
0	common_cause	backward	none	forward
0	line	none	forward	backward
0	pair	none	none	forward
0	skip	backward	backward	forward
1	separate	none	none	none
1	common_effect	forward	none	backward
1	common_cause	backward	none	forward
1	line	backward	forward	none
1	pair	none	none	backward
1	skip	forward	forward	forward
1	separate	none	none	none
1	common_effect	forward	none	backward
1	common_cause	backward	none	forward
1	line	backward	forward	none
1	pair	none	none	backward
1	skip	forward	forward	forward
1	separate	none	none	none
1	common_effect	forward	none	backward
1	common_cause	backward	none	forward
1	line	backward	forward	none
1	pair	none	none	backward
1	skip	forward	forward	forward
2	separate	none	none	none
2	common_effect	none	forward	forward
2	common_cause	forward	forward	none
2	line	forward	none	forward
2	pair	none	none	forward
2	skip	forward	backward	backward
2	separate	none	none	none
2	common_effect	none	forward	forward
2	common_cause	forward	forward	none
2	line	forward	none	forward
2	pair	none	none	forward
2	skip	forward	backward	backward
2	separate	none	none	none
2	common_effect	none	forward	forward
2	common_cause	forward	forward	none
2	line	forward	none	forward
2	pair	none	none	forward
2	skip	forward	backward	backward
3	separate	none	none	none
3	common_effect	none	forward	forward
3	common_cause	forward	forward	none
3	line	none	backward	forward
3	pair	none	none	forward
3	skip	backward	backward	forward
3	separate	none	none	none
3	common_effect	none	forward	forward
3	common_cause	forward	forward	none
3	line	none	backward	forward
3	pair	none	none	forward
3	skip	backward	backward	forward
3	separate	none	none	none
3	common_effect	none	forward	forward
3	common_cause	forward	forward	none
3	line	none	backward	forward
3	pair	none	none	forward
3	skip	backward	backward	forward
4	separate	none	none	none
4	common_effect	none	forward	forward
4	common_cause	none	backward	backward
4	line	backward	none	backward
4	pair	none	forward	none
4	skip	backward	backward	backward
4	separate	none	none	none
4	common_effect	none	forward	forward
4	common_cause	none	backward	backward
4	line	backward	none	backward
4	pair	none	forward	none
4	skip	backward	backward	backward
4	separate	none	none	none
4	common_effect	none	forward	forward
4	common_cause	none	backward	backward
4	line	backward	none	backward
4	pair	none	forward	none
4	skip	backward	backward	backward
5	separate	none	none	none
5	common_effect	none	forward	forward
5	common_cause	none	backward	backward
5	line	forward	none	forward
5	pair	backward	none	none
5	skip	forward	backward	backward
5	separate	none	none	none
5	common_effect	none	forward	forward
5	common_cause	none	backward	backward
5	line	forward	none	forward
5	pair	backward	none	none
5	skip	forward	backward	backward
5	separate	none	none	none
5	common_effect	none	forward	forward
5	common_cause	none	backward	backward
5	line	forward	none	forward
5	pair	backward	none	none
5	skip	forward	backward	backward
6	separate	none	none	none
6	common_effect	forward	none	backward
6	common_cause	backward	none	forward
6	line	none	forward	backward
6	pair	none	backward	none
6	skip	backward	backward	backward
6	separate	none	none	none
6	common_effect	forward	none	backward
6	common_cause	backward	none	forward
6	line	none	forward	backward
6	pair	none	backward	none
6	skip	backward	backward	backward
6	separate	none	none	none
6	common_effect	forward	none	backward
6	common_cause	backward	none	forward
6	line	none	forward	backward
6	pair	none	backward	none
6	skip	backward	backward	backward
7	separate	none	none	none
7	common_effect	none	forward	forward
7	common_cause	backward	none	forward
7	line	backward	forward	none
7	pair	none	none	backward
7	skip	forward	forward	backward
7	separate	none	none	none
7	common_effect	none	forward	forward
7	common_cause	backward	none	forward
7	line	backward	forward	none
7	pair	none	none	backward
7	skip	forward	forward	backward
7	separate	none	none	none
7	common_effect	none	forward	forward
7	common_cause	backward	none	forward
7	line	backward	forward	none
7	pair	none	none	backward
7	skip	forward	forward	backward
8	separate	none	none	none
8	common_effect	none	forward	forward
8	common_cause	forward	forward	none
8	line	none	backward	forward
8	pair	none	none	backward
8	skip	backward	backward	forward
8	separate	none	none	none
8	common_effect	none	forward	forward
8	common_cause	forward	forward	none
8	line	none	backward	forward
8	pair	none	none	backward
8	skip	backward	backward	forward
8	separate	none	none	none
8	common_effect	none	forward	forward
8	common_cause	forward	forward	none
8	line	none	backward	forward
8	pair	none	none	backward
8	skip	backward	backward	forward
9	separate	none	none	none
9	common_effect	forward	none	backward
9	common_cause	none	backward	backward
9	line	backward	none	backward
9	pair	none	none	forward
9	skip	forward	forward	forward
9	separate	none	none	none
9	common_effect	forward	none	backward
9	common_cause	none	backward	backward
9	line	backward	none	backward
9	pair	none	none	forward
9	skip	forward	forward	forward
9	separate	none	none	none
9	common_effect	forward	none	backward
9	common_cause	none	backward	backward
9	line	backward	none	backward
9	pair	none	none	forward
9	skip	forward	forward	forward
10	separate	none	none	none
10	common_effect	none	forward	forward
10	common_cause	none	backward	backward
10	line	none	backward	forward
10	pair	none	none	forward
10	skip	backward	forward	forward
10	separate	none	none	none
10	common_effect	none	forward	forward
10	common_cause	none	backward	backward
10	line	none	backward	forward
10	pair	none	none	forward
10	skip	backward	forward	forward
10	separate	none	none	none
10	common_effect	none	forward	forward
10	common_cause	none	backward	backward
10	line	none	backward	forward
10	pair	none	none	forward
10	skip	backward	forward	forward
11	separate	none	none	none
11	common_effect	backward	backward	none
11	common_cause	forward	forward	none
11	line	backward	forward	none
11	pair	none	backward	none
11	skip	forward	forward	backward
11	separate	none	none	none
11	common_effect	backward	backward	none
11	common_cause	forward	forward	none
11	line	backward	forward	none
11	pair	none	backward	none
11	skip	forward	forward	backward
11	separate	none	none	none
11	common_effect	backward	backward	none
11	common_cause	forward	forward	none
11	line	backward	forward	none
11	pair	none	backward	none
11	skip	forward	forward	backward
12	separate	none	none	none
12	common_effect	forward	none	backward
12	common_cause	forward	forward	none
12	line	backward	none	backward
12	pair	none	none	backward
12	skip	forward	forward	forward
12	separate	none	none	none
12	common_effect	forward	none	backward
12	common_cause	forward	forward	none
12	line	backward	none	backward
12	pair	none	none	backward
12	skip	forward	forward	forward
12	separate	none	none	none
12	common_effect	forward	none	backward
12	common_cause	forward	forward	none
12	line	backward	none	backward
12	pair	none	none	backward
12	skip	forward	forward	forward
13	separate	none	none	none
13	common_effect	none	forward	forward
13	common_cause	none	backward	backward
13	line	backward	forward	none
13	pair	none	none	backward
13	skip	forward	forward	forward
13	separate	none	none	none
13	common_effect	none	forward	forward
13	common_cause	none	backward	backward
13	line	backward	forward	none
13	pair	none	none	backward
13	skip	forward	forward	forward
13	separate	none	none	none
13	common_effect	none	forward	forward
13	common_cause	none	backward	backward
13	line	backward	forward	none
13	pair	none	none	backward
13	skip	forward	forward	forward
14	separate	none	none	none
14	common_effect	backward	backward	none
14	common_cause	none	backward	backward
14	line	none	forward	backward
14	pair	none	backward	none
14	skip	forward	forward	forward
14	separate	none	none	none
14	common_effect	backward	backward	none
14	common_cause	none	backward	backward
14	line	none	forward	backward
14	pair	none	backward	none
14	skip	forward	forward	forward
14	separate	none	none	none
14	common_effect	backward	backward	none
14	common_cause	none	backward	backward
14	line	none	forward	backward
14	pair	none	backward	none
14	skip	forward	forward	forward
15	separate	none	none	none
15	common_effect	none	forward	forward
15	common_cause	none	backward	backward
15	line	backward	forward	none
15	pair	backward	none	none
15	skip	backward	backward	forward
15	separate	none	none	none
15	common_effect	none	forward	forward
15	common_cause	none	backward	backward
15	line	backward	forward	none
15	pair	backward	none	none
15	skip	backward	backward	forward
15	separate	none	none	none
15	common_effect	none	forward	forward
15	common_cause	none	backward	backward
15	line	backward	forward	none
15	pair	backward	none	none
15	skip	backward	backward	forward
16	separate	none	none	none
16	common_effect	forward	none	backward
16	common_cause	backward	none	forward
16	line	backward	forward	none
16	pair	none	backward	none
16	skip	backward	forward	forward
16	separate	none	none	none
16	common_effect	forward	none	backward
16	common_cause	backward	none	forward
16	line	backward	forward	none
16	pair	none	backward	none
16	skip	backward	forward	forward
16	separate	none	none	none
16	common_effect	forward	none	backward
16	common_cause	backward	none	forward
16	line	backward	forward	none
16	pair	none	backward	none
16	skip	backward	forward	forward
17	separate	none	none	none
17	common_effect	none	forward	forward
17	common_cause	none	backward	backward
17	line	forward	none	forward
17	pair	forward	none	none
17	skip	forward	backward	backward
17	separate	none	none	none
17	common_effect	none	forward	forward
17	common_cause	none	backward	backward
17	line	forward	none	forward
17	pair	forward	none	none
17	skip	forward	backward	backward
17	separate	none	none	none
17	common_effect	none	forward	forward
17	common_cause	none	backward	backward
17	line	forward	none	forward
17	pair	forward	none	none
17	skip	forward	backward	backward
18	separate	none	none	none
18	common_effect	none	forward	forward
18	common_cause	backward	none	forward
18	line	none	backward	forward
18	pair	backward	none	none
18	skip	backward	backward	backward
18	separate	none	none	none
18	common_effect	none	forward	forward
18	common_cause	backward	none	forward
18	line	none	backward	forward
18	pair	backward	none	none
18	skip	backward	backward	backward
18	separate	none	none	none
18	common_effect	none	forward	forward
18	common_cause	backward	none	forward
18	line	none	backward	forward
18	pair	backward	none	none
18	skip	backward	backward	backward
19	separate	none	none	none
19	common_effect	forward	none	backward
19	common_cause	backward	none	forward
19	line	forward	backward	none
19	pair	none	none	backward
19	skip	forward	backward	backward
19	separate	none	none	none
19	common_effect	forward	none	backward
19	common_cause	backward	none	forward
19	line	forward	backward	none
19	pair	none	none	backward
19	skip	forward	backward	backward
19	separate	none	none	none
19	common_effect	forward	none	backward
19	common_cause	backward	none	forward
19	line	forward	backward	none
19	pair	none	none	backward
19	skip	forward	backward	backward
20	separate	none	none	none
20	common_effect	none	forward	forward
20	common_cause	forward	forward	none
20	line	none	backward	forward
20	pair	none	backward	none
20	skip	backward	backward	backward
20	separate	none	none	none
20	common_effect	none	forward	forward
20	common_cause	forward	forward	none
20	line	none	backward	forward
20	pair	none	backward	none
20	skip	backward	backward	backward
20	separate	none	none	none
20	common_effect	none	forward	forward
20	common_cause	forward	forward	none
20	line	none	backward	forward
20	pair	none	backward	none
20	skip	backward	backward	backward
21	separate	none	none	none
21	common_effect	backward	backward	none
21	common_cause	none	backward	backward
21	line	forward	backward	none
21	pair	none	forward	none
21	skip	forward	backward	backward
21	separate	none	none	none
21	common_effect	backward	backward	none
21	common_cause	none	backward	backward
21	line	forward	backward	none
21	pair	none	forward	none
21	skip	forward	backward	backward
21	separate	none	none	none
21	common_effect	backward	backward	none
21	common_cause	none	backward	backward
21	line	forward	backward	none
21	pair	none	forward	none
21	skip	forward	backward	backward
22	separate	none	none	none
22	common_effect	none	forward	forward
22	common_cause	backward	none	forward
22	line	none	forward	backward
22	pair	none	none	forward
22	skip	backward	backward	backward
22	separate	none	none	none
22	common_effect	none	forward	forward
22	common_cause	backward	none	forward
22	line	none	forward	backward
22	pair	none	none	forward
22	skip	backward	backward	backward
22	separate	none	none	none
22	common_effect	none	forward	forward
22	common_cause	backward	none	forward
22	line	none	forward	backward
22	pair	none	none	forward
22	skip	backward	backward	backward
23	separate	none	none	none
23	common_effect	backward	backward	none
23	common_cause	none	backward	backward
23	line	forward	backward	none
23	pair	none	forward	none
23	skip	backward	backward	forward
23	separate	none	none	none
23	common_effect	backward	backward	none
23	common_cause	none	backward	backward
23	line	forward	backward	none
23	pair	none	forward	none
23	skip	backward	backward	forward
23	separate	none	none	none
23	common_effect	backward	backward	none
23	common_cause	none	backward	backward
23	line	forward	backward	none
23	pair	none	forward	none
23	skip	backward	backward	forward
24	separate	none	none	none
24	common_effect	forward	none	backward
24	common_cause	forward	forward	none
24	line	backward	forward	none
24	pair	none	backward	none
24	skip	backward	forward	forward
24	separate	none	none	none
24	common_effect	forward	none	backward
24	common_cause	forward	forward	none
24	line	backward	forward	none
24	pair	none	backward	none
24	skip	backward	forward	forward
24	separate	none	none	none
24	common_effect	forward	none	backward
24	common_cause	forward	forward	none
24	line	backward	forward	none
24	pair	none	backward	none
24	skip	backward	forward	forward
25	separate	none	none	none
25	common_effect	forward	none	backward
25	common_cause	forward	forward	none
25	line	backward	none	backward
25	pair	forward	none	none
25	skip	backward	backward	forward
25	separate	none	none	none
25	common_effect	forward	none	backward
25	common_cause	forward	forward	none
25	line	backward	none	backward
25	pair	forward	none	none
25	skip	backward	backward	forward
25	separate	none	none	none
25	common_effect	forward	none	backward
25	common_cause	forward	forward	none
25	line	backward	none	backward
25	pair	forward	none	none
25	skip	backward	backward	forward
26	separate	none	none	none
26	common_effect	none	forward	forward
26	common_cause	backward	none	forward
26	line	none	forward	backward
26	pair	none	none	forward
26	skip	forward	backward	backward
26	separate	none	none	none
26	common_effect	none	forward	forward
26	common_cause	backward	none	forward
26	line	none	forward	backward
26	pair	none	none	forward
26	skip	forward	backward	backward
26	separate	none	none	none
26	common_effect	none	forward	forward
26	common_cause	backward	none	forward
26	line	none	forward	backward
26	pair	none	none	forward
26	skip	forward	backward	backward
27	separate	none	none	none
27	common_effect	backward	backward	none
27	common_cause	none	backward	backward
27	line	none	backward	forward
27	pair	none	none	forward
27	skip	backward	backward	backward
27	separate	none	none	none
27	common_effect	backward	backward	none
27	common_cause	none	backward	backward
27	line	none	backward	forward
27	pair	none	none	forward
27	skip	backward	backward	backward
27	separate	none	none	none
27	common_effect	backward	backward	none
27	common_cause	none	backward	backward
27	line	none	backward	forward
27	pair	none	none	forward
27	skip	backward	backward	backward
28	separate	none	none	none
28	common_effect	forward	none	backward
28	common_cause	none	backward	backward
28	line	none	backward	forward
28	pair	none	none	backward
28	skip	backward	forward	forward
28	separate	none	none	none
28	common_effect	forward	none	backward
28	common_cause	none	backward	backward
28	line	none	backward	forward
28	pair	none	none	backward
28	skip	backward	forward	forward
28	separate	none	none	none
28	common_effect	forward	none	backward
28	common_cause	none	backward	backward
28	line	none	backward	forward
28	pair	none	none	backward
28	skip	backward	forward	forward
29	separate	none	none	none
29	common_effect	none	forward	forward
29	common_cause	forward	forward	none
29	line	none	forward	backward
29	pair	none	forward	none
29	skip	backward	backward	forward
29	separate	none	none	none
29	common_effect	none	forward	forward
29	common_cause	forward	forward	none
29	line	none	forward	backward
29	pair	none	forward	none
29	skip	backward	backward	forward
29	separate	none	none	none
29	common_effect	none	forward	forward
29	common_cause	forward	forward	none
29	line	none	forward	backward
29	pair	none	forward	none
29	skip	backward	backward	forward
30	separate	none	none	none
30	common_effect	backward	backward	none
30	common_cause	forward	forward	none
30	line	backward	forward	none
30	pair	none	backward	none
30	skip	forward	backward	backward
30	separate	none	none	none
30	common_effect	backward	backward	none
30	common_cause	forward	forward	none
30	line	backward	forward	none
30	pair	none	backward	none
30	skip	forward	backward	backward
30	separate	none	none	none
30	common_effect	backward	backward	none
30	common_cause	forward	forward	none
30	line	backward	forward	none
30	pair	none	backward	none
30	skip	forward	backward	backward
31	separate	none	none	none
31	common_effect	forward	none	backward
31	common_cause	none	backward	backward
31	line	forward	backward	none
31	pair	forward	none	none
31	skip	forward	forward	backward
31	separate	none	none	none
31	common_effect	forward	none	backward
31	common_cause	none	backward	backward
31	line	forward	backward	none
31	pair	forward	none	none
31	skip	forward	forward	backward
31	separate	none	none	none
31	common_effect	forward	none	backward
31	common_cause	none	backward	backward
31	line	forward	backward	none
31	pair	forward	none	none
31	skip	forward	forward	backward
32	separate	none	none	none
32	common_effect	none	forward	forward
32	common_cause	forward	forward	none
32	line	backward	none	backward
32	pair	none	forward	none
32	skip	forward	backward	backward
32	separate	none	none	none
32	common_effect	none	forward	forward
32	common_cause	forward	forward	none
32	line	backward	none	backward
32	pair	none	forward	none
32	skip	forward	backward	backward
32	separate	none	none	none
32	common_effect	none	forward	forward
32	common_cause	forward	forward	none
32	line	backward	none	backward
32	pair	none	forward	none
32	skip	forward	backward	backward
33	separate	none	none	none
33	common_effect	none	forward	forward
33	common_cause	backward	none	forward
33	line	forward	backward	none
33	pair	none	forward	none
33	skip	backward	forward	forward
33	separate	none	none	none
33	common_effect	none	forward	forward
33	common_cause	backward	none	forward
33	line	forward	backward	none
33	pair	none	forward	none
33	skip	backward	forward	forward
33	separate	none	none	none
33	common_effect	none	forward	forward
33	common_cause	backward	none	forward
33	line	forward	backward	none
33	pair	none	forward	none
33	skip	backward	forward	forward
34	separate	none	none	none
34	common_effect	backward	backward	none
34	common_cause	forward	forward	none
34	line	forward	none	forward
34	pair	none	none	backward
34	skip	forward	forward	forward
34	separate	none	none	none
34	common_effect	backward	backward	none
34	common_cause	forward	forward	none
34	line	forward	none	forward
34	pair	none	none	backward
34	skip	forward	forward	forward
34	separate	none	none	none
34	common_effect	backward	backward	none
34	common_cause	forward	forward	none
34	line	forward	none	forward
34	pair	none	none	backward
34	skip	forward	forward	forward
35	separate	none	none	none
35	common_effect	backward	backward	none
35	common_cause	backward	none	forward
35	line	backward	forward	none
35	pair	none	backward	none
35	skip	backward	backward	backward
35	separate	none	none	none
35	common_effect	backward	backward	none
35	common_cause	backward	none	forward
35	line	backward	forward	none
35	pair	none	backward	none
35	skip	backward	backward	backward
35	separate	none	none	none
35	common_effect	backward	backward	none
35	common_cause	backward	none	forward
35	line	backward	forward	none
35	pair	none	backward	none
35	skip	backward	backward	backward
36	separate	none	none	none
36	common_effect	forward	none	backward
36	common_cause	forward	forward	none
36	line	forward	backward	none
36	pair	none	backward	none
36	skip	forward	backward	backward
36	separate	none	none	none
36	common_effect	forward	none	backward
36	common_cause	forward	forward	none
36	line	forward	backward	none
36	pair	none	backward	none
36	skip	forward	backward	backward
36	separate	none	none	none
36	common_effect	forward	none	backward
36	common_cause	forward	forward	none
36	line	forward	backward	none
36	pair	none	backward	none
36	skip	forward	backward	backward
37	separate	none	none	none
37	common_effect	backward	backward	none
37	common_cause	none	backward	backward
37	line	none	forward	backward
37	pair	none	forward	none
37	skip	backward	backward	forward
37	separate	none	none	none
37	common_effect	backward	backward	none
37	common_cause	none	backward	backward
37	line	none	forward	backward
37	pair	none	forward	none
37	skip	backward	backward	forward
37	separate	none	none	none
37	common_effect	backward	backward	none
37	common_cause	none	backward	backward
37	line	none	forward	backward
37	pair	none	forward	none
37	skip	backward	backward	forward
38	separate	none	none	none
38	common_effect	backward	backward	none
38	common_cause	backward	none	forward
38	line	none	backward	forward
38	pair	none	none	forward
38	skip	forward	backward	backward
38	separate	none	none	none
38	common_effect	backward	backward	none
38	common_cause	backward	none	forward
38	line	none	backward	forward
38	pair	none	none	forward
38	skip	forward	backward	backward
38	separate	none	none	none
38	common_effect	backward	backward	none
38	common_cause	backward	none	forward
38	line	none	backward	forward
38	pair	none	none	forward
38	skip	forward	backward	backward
39	separate	none	none	none
39	common_effect	none	forward	forward
39	common_cause	backward	none	forward
39	line	none	backward	forward
39	pair	none	forward	none
39	skip	backward	forward	forward
39	separate	none	none	none
39	common_effect	none	forward	forward
39	common_cause	backward	none	forward
39	line	none	backward	forward
39	pair	none	forward	none
39	skip	backward	forward	forward
39	separate	none	none	none
39	common_effect	none	forward	forward
39	common_cause	backward	none	forward
39	line	none	backward	forward
39	pair	none	forward	none
39	skip	backward	forward	forward
40	separate	none	none	none
40	common_effect	forward	none	backward
40	common_cause	none	backward	backward
40	line	forward	none	forward
40	pair	backward	none	none
40	skip	forward	backward	backward
40	separate	none	none	none
40	common_effect	forward	none	backward
40	common_cause	none	backward	backward
40	line	forward	none	forward
40	pair	backward	none	none
40	skip	forward	backward	backward
40	separate	none	none	none
40	common_effect	forward	none	backward
40	common_cause	none	backward	backward
40	line	forward	none	forward
40	pair	backward	none	none
40	skip	forward	backward	backward
41	separate	none	none	none
41	common_effect	forward	none	backward
41	common_cause	none	backward	backward
41	line	backward	forward	none
41	pair	backward	none	none
41	skip	backward	forward	forward
41	separate	none	none	none
41	common_effect	forward	none	backward
41	common_cause	none	backward	backward
41	line	backward	forward	none
41	pair	backward	none	none
41	skip	backward	forward	forward
41	separate	none	none	none
41	common_effect	forward	none	backward
41	common_cause	none	backward	backward
41	line	backward	forward	none
41	pair	backward	none	none
41	skip	backward	forward	forward
42	separate	none	none	none
42	common_effect	backward	backward	none
42	common_cause	none	backward	backward
42	line	none	forward	backward
42	pair	none	backward	none
42	skip	forward	backward	backward
42	separate	none	none	none
42	common_effect	backward	backward	none
42	common_cause	none	backward	backward
42	line	none	forward	backward
42	pair	none	backward	none
42	skip	forward	backward	backward
42	separate	none	none	none
42	common_effect	backward	backward	none
42	common_cause	none	backward	backward
42	line	none	forward	backward
42	pair	none	backward	none
42	skip	forward	backward	backward
43	separate	none	none	none
43	common_effect	forward	none	backward
43	common_cause	backward	none	forward
43	line	forward	backward	none
43	pair	forward	none	none
43	skip	forward	forward	backward
43	separate	none	none	none
43	common_effect	forward	none	backward
43	common_cause	backward	none	forward
43	line	forward	backward	none
43	pair	forward	none	none
43	skip	forward	forward	backward
43	separate	none	none	none
43	common_effect	forward	none	backward
43	common_cause	backward	none	forward
43	line	forward	backward	none
43	pair	forward	none	none
43	skip	forward	forward	backward
44	separate	none	none	none
44	common_effect	none	forward	forward
44	common_cause	forward	forward	none
44	line	backward	forward	none
44	pair	none	none	forward
44	skip	forward	forward	backward
44	separate	none	none	none
44	common_effect	none	forward	forward
44	common_cause	forward	forward	none
44	line	backward	forward	none
44	pair	none	none	forward
44	skip	forward	forward	backward
44	separate	none	none	none
44	common_effect	none	forward	forward
44	common_cause	forward	forward	none
44	line	backward	forward	none
44	pair	none	none	forward
44	skip	forward	forward	backward
45	separate	none	none	none
45	common_effect	none	forward	forward
45	common_cause	backward	none	forward
45	line	backward	forward	none
45	pair	none	forward	none
45	skip	forward	forward	backward
45	separate	none	none	none
45	common_effect	none	forward	forward
45	common_cause	backward	none	forward
45	line	backward	forward	none
45	pair	none	forward	none
45	skip	forward	forward	backward
45	separate	none	none	none
45	common_effect	none	forward	forward
45	common_cause	backward	none	forward
45	line	backward	forward	none
45	pair	none	forward	none
45	skip	forward	forward	backward
46	separate	none	none	none
46	common_effect	forward	none	backward
46	common_cause	none	backward	backward
46	line	none	backward	forward
46	pair	forward	none	none
46	skip	forward	forward	backward
46	separate	none	none	none
46	common_effect	forward	none	backward
46	common_cause	none	backward	backward
46	line	none	backward	forward
46	pair	forward	none	none
46	skip	forward	forward	backward
46	separate	none	none	none
46	common_effect	forward	none	backward
46	common_cause	none	backward	backward
46	line	none	backward	forward
46	pair	forward	none	none
46	skip	forward	forward	backward
47	separate	none	none	none
47	common_effect	backward	backward	none
47	common_cause	none	backward	backward
47	line	none	forward	backward
47	pair	backward	none	none
47	skip	forward	backward	backward
47	separate	none	none	none
47	common_effect	backward	backward	none
47	common_cause	none	backward	backward
47	line	none	forward	backward
47	pair	backward	none	none
47	skip	forward	backward	backward
47	separate	none	none	none
47	common_effect	backward	backward	none
47	common_cause	none	backward	backward
47	line	none	forward	backward
47	pair	backward	none	none
47	skip	forward	backward	backward
48	separate	none	none	none
48	common_effect	backward	backward	none
48	common_cause	backward	none	forward
48	line	forward	backward	none
48	pair	none	forward	none
48	skip	backward	forward	forward
48	separate	none	none	none
48	common_effect	backward	backward	none
48	common_cause	backward	none	forward
48	line	forward	backward	none
48	pair	none	forward	none
48	skip	backward	forward	forward
48	separate	none	none	none
48	common_effect	backward	backward	none
48	common_cause	backward	none	forward
48	line	forward	backward	none
48	pair	none	forward	none
48	skip	backward	forward	forward
49	separate	none	none	none
49	common_effect	backward	backward	none
49	common_cause	backward	none	forward
49	line	backward	none	backward
49	pair	none	forward	none
49	skip	forward	forward	forward
49	separate	none	none	none
49	common_effect	backward	backward	none
49	common_cause	backward	none	forward
49	line	backward	none	backward
49	pair	none	forward	none
49	skip	forward	forward	forward
49	separate	none	none	none
49	common_effect	backward	backward	none
49	common_cause	backward	none	forward
49	line	backward	none	backward
49	pair	none	forward	none
49	skip	forward	forward	forward
50	separate	none	none	none
50	common_effect	none	forward	forward
50	common_cause	none	backward	backward
50	line	backward	forward	none
50	pair	none	none	backward
50	skip	backward	forward	forward
50	separate	none	none	none
50	common_effect	none	forward	forward
50	common_cause	none	backward	backward
50	line	backward	forward	none
50	pair	none	none	backward
50	skip	backward	forward	forward
50	separate	none	none	none
50	common_effect	none	forward	forward
50	common_cause	none	backward	backward
50	line	backward	forward	none
50	pair	none	none	backward
50	skip	backward	forward	forward
51	separate	none	none	none
51	common_effect	forward	none	backward
51	common_cause	none	backward	backward
51	line	backward	none	backward
51	pair	none	none	forward
51	skip	forward	backward	backward
51	separate	none	none	none
51	common_effect	forward	none	backward
51	common_cause	none	backward	backward
51	line	backward	none	backward
51	pair	none	none	forward
51	skip	forward	backward	backward
51	separate	none	none	none
51	common_effect	forward	none	backward
51	common_cause	none	backward	backward
51	line	backward	none	backward
51	pair	none	none	forward
51	skip	forward	backward	backward
52	separate	none	none	none
52	common_effect	none	forward	forward
52	common_cause	backward	none	forward
52	line	none	backward	forward
52	pair	none	forward	none
52	skip	forward	backward	backward
52	separate	none	none	none
52	common_effect	none	forward	forward
52	common_cause	backward	none	forward
52	line	none	backward	forward
52	pair	none	forward	none
52	skip	forward	backward	backward
52	separate	none	none	none
52	common_effect	none	forward	forward
52	common_cause	backward	none	forward
52	line	none	backward	forward
52	pair	none	forward	none
52	skip	forward	backward	backward
53	separate	none	none	none
53	common_effect	none	forward	forward
53	common_cause	forward	forward	none
53	line	backward	forward	none
53	pair	backward	none	none
53	skip	backward	forward	forward
53	separate	none	none	none
53	common_effect	none	forward	forward
53	common_cause	forward	forward	none
53	line	backward	forward	none
53	pair	backward	none	none
53	skip	backward	forward	forward
53	separate	none	none	none
53	common_effect	none	forward	forward
53	common_cause	forward	forward	none
53	line	backward	forward	none
53	pair	backward	none	none
53	skip	backward	forward	forward
54	separate	none	none	none
54	common_effect	backward	backward	none
54	common_cause	forward	forward	none
54	line	none	backward	forward
54	pair	none	forward	none
54	skip	forward	forward	backward
54	separate	none	none	none
54	common_effect	backward	backward	none
54	common_cause	forward	forward	none
54	line	none	backward	forward
54	pair	none	forward	none
54	skip	forward	forward	backward
54	separate	none	none	none
54	common_effect	backward	backward	none
54	common_cause	forward	forward	none
54	line	none	backward	forward
54	pair	none	forward	none
54	skip	forward	forward	backward
55	separate	none	none	none
55	common_effect	none	forward	forward
55	common_cause	none	backward	backward
55	line	backward	forward	none
55	pair	none	none	backward
55	skip	backward	backward	forward
55	separate	none	none	none
55	common_effect	none	forward	forward
55	common_cause	none	backward	backward
55	line	backward	forward	none
55	pair	none	none	backward
55	skip	backward	backward	forward
55	separate	none	none	none
55	common_effect	none	forward	forward
55	common_cause	none	backward	backward
55	line	backward	forward	none
55	pair	none	none	backward
55	skip	backward	backward	forward
56	separate	none	none	none
56	common_effect	forward	none	backward
56	common_cause	none	backward	backward
56	line	forward	backward	none
56	pair	forward	none	none
56	skip	backward	backward	backward
56	separate	none	none	none
56	common_effect	forward	none	backward
56	common_cause	none	backward	backward
56	line	forward	backward	none
56	pair	forward	none	none
56	skip	backward	backward	backward
56	separate	none	none	none
56	common_effect	forward	none	backward
56	common_cause	none	backward	backward
56	line	forward	backward	none
56	pair	forward	none	none
56	skip	backward	backward	backward
57	separate	none	none	none
57	common_effect	backward	backward	none
57	common_cause	none	backward	backward
57	line	backward	forward	none
57	pair	none	backward	none
57	skip	backward	backward	backward
57	separate	none	none	none
57	common_effect	backward	backward	none
57	common_cause	none	backward	backward
57	line	backward	forward	none
57	pair	none	backward	none
57	skip	backward	backward	backward
57	separate	none	none	none
57	common_effect	backward	backward	none
57	common_cause	none	backward	backward
57	line	backward	forward	none
57	pair	none	backward	none
57	skip	backward	backward	backward
58	separate	none	none	none
58	common_effect	forward	none	backward
58	common_cause	forward	forward	none
58	line	none	forward	backward
58	pair	none	none	backward
58	skip	backward	backward	backward
58	separate	none	none	none
58	common_effect	forward	none	backward
58	common_cause	forward	forward	none
58	line	none	forward	backward
58	pair	none	none	backward
58	skip	backward	backward	backward
58	separate	none	none	none
58	common_effect	forward	none	backward
58	common_cause	forward	forward	none
58	line	none	forward	backward
58	pair	none	none	backward
58	skip	backward	backward	backward
59	separate	none	none	none
59	common_effect	none	forward	forward
59	common_cause	backward	none	forward
59	line	backward	forward	none
59	pair	backward	none	none
59	skip	forward	forward	backward
59	separate	none	none	none
59	common_effect	none	forward	forward
59	common_cause	backward	none	forward
59	line	backward	forward	none
59	pair	backward	none	none
59	skip	forward	forward	backward
59	separate	none	none	none
59	common_effect	none	forward	forward
59	common_cause	backward	none	forward
59	line	backward	forward	none
59	pair	backward	none	none
59	skip	forward	forward	backward
60	separate	none	none	none
60	common_effect	backward	backward	none
60	common_cause	forward	forward	none
60	line	forward	backward	none
60	pair	forward	none	none
60	skip	backward	backward	backward
60	separate	none	none	none
60	common_effect	backward	backward	none
60	common_cause	forward	forward	none
60	line	forward	backward	none
60	pair	forward	none	none
60	skip	backward	backward	backward
60	separate	none	none	none
60	common_effect	backward	backward	none
60	common_cause	forward	forward	none
60	line	forward	backward	none
60	pair	forward	none	none
60	skip	backward	backward	backward
61	separate	none	none	none
61	common_effect	forward	none	backward
61	common_cause	backward	none	forward
61	line	backward	forward	none
61	pair	backward	none	none
61	skip	forward	backward	backward
61	separate	none	none	none
61	common_effect	forward	none	backward
61	common_cause	backward	none	forward
61	line	backward	forward	none
61	pair	backward	none	none
61	skip	forward	backward	backward
61	separate	none	none	none
61	common_effect	forward	none	backward
61	common_cause	backward	none	forward
61	line	backward	forward	none
61	pair	backward	none	none
61	skip	forward	backward	backward
62	separate	none	none	none
62	common_effect	forward	none	backward
62	common_cause	backward	none	forward
62	line	none	forward	backward
62	pair	backward	none	none
62	skip	backward	forward	forward
62	separate	none	none	none
62	common_effect	forward	none	backward
62	common_cause	backward	none	forward
62	line	none	forward	backward
62	pair	backward	none	none
62	skip	backward	forward	forward
62	separate	none	none	none
62	common_effect	forward	none	backward
62	common_cause	backward	none	forward
62	line	none	forward	backward
62	pair	backward	none	none
62	skip	backward	forward	forward
63	separate	none	none	none
63	common_effect	forward	none	backward
63	common_cause	backward	none	forward
63	line	backward	none	backward
63	pair	none	none	backward
63	skip	backward	backward	backward
63	separate	none	none	none
63	common_effect	forward	none	backward
63	common_cause	backward	none	forward
63	line	backward	none	backward
63	pair	none	none	backward
63	skip	backward	backward	backward
63	separate	none	none	none
63	common_effect	forward	none	backward
63	common_cause	backward	none	forward
63	line	backward	none	backward
63	pair	none	none	backward
63	skip	backward	backward	backward
64	separate	none	none	none
64	common_effect	forward	none	backward
64	common_cause	none	backward	backward
64	line	backward	none	backward
64	pair	none	forward	none
64	skip	backward	backward	forward
64	separate	none	none	none
64	common_effect	forward	none	backward
64	common_cause	none	backward	backward
64	line	backward	none	backward
64	pair	none	forward	none
64	skip	backward	backward	forward
64	separate	none	none	none
64	common_effect	forward	none	backward
64	common_cause	none	backward	backward
64	line	backward	none	backward
64	pair	none	forward	none
64	skip	backward	backward	forward
65	separate	none	none	none
65	common_effect	backward	backward	none
65	common_cause	forward	forward	none
65	line	none	forward	backward
65	pair	none	forward	none
65	skip	backward	backward	forward
65	separate	none	none	none
65	common_effect	backward	backward	none
65	common_cause	forward	forward	none
65	line	none	forward	backward
65	pair	none	forward	none
65	skip	backward	backward	forward
65	separate	none	none	none
65	common_effect	backward	backward	none
65	common_cause	forward	forward	none
65	line	none	forward	backward
65	pair	none	forward	none
65	skip	backward	backward	forward
66	separate	none	none	none
66	common_effect	none	forward	forward
66	common_cause	none	backward	backward
66	line	none	backward	forward
66	pair	backward	none	none
66	skip	forward	forward	backward
66	separate	none	none	none
66	common_effect	none	forward	forward
66	common_cause	none	backward	backward
66	line	none	backward	forward
66	pair	backward	none	none
66	skip	forward	forward	backward
66	separate	none	none	none
66	common_effect	none	forward	forward
66	common_cause	none	backward	backward
66	line	none	backward	forward
66	pair	backward	none	none
66	skip	forward	forward	backward
67	separate	none	none	none
67	common_effect	none	forward	forward
67	common_cause	backward	none	forward
67	line	none	forward	backward
67	pair	forward	none	none
67	skip	forward	backward	backward
67	separate	none	none	none
67	common_effect	none	forward	forward
67	common_cause	backward	none	forward
67	line	none	forward	backward
67	pair	forward	none	none
67	skip	forward	backward	backward
67	separate	none	none	none
67	common_effect	none	forward	forward
67	common_cause	backward	none	forward
67	line	none	forward	backward
67	pair	forward	none	none
67	skip	forward	backward	backward
68	separate	none	none	none
68	common_effect	forward	none	backward
68	common_cause	backward	none	forward
68	line	none	forward	backward
68	pair	none	none	backward
68	skip	backward	backward	forward
68	separate	none	none	none
68	common_effect	forward	none	backward
68	common_cause	backward	none	forward
68	line	none	forward	backward
68	pair	none	none	backward
68	skip	backward	backward	forward
68	separate	none	none	none
68	common_effect	forward	none	backward
68	common_cause	backward	none	forward
68	line	none	forward	backward
68	pair	none	none	backward
68	skip	backward	backward	forward
69	separate	none	none	none
69	common_effect	backward	backward	none
69	common_cause	backward	none	forward
69	line	backward	forward	none
69	pair	none	forward	none
69	skip	backward	forward	forward
69	separate	none	none	none
69	common_effect	backward	backward	none
69	common_cause	backward	none	forward
69	line	backward	forward	none
69	pair	none	forward	none
69	skip	backward	forward	forward
69	separate	none	none	none
69	common_effect	backward	backward	none
69	common_cause	backward	none	forward
69	line	backward	forward	none
69	pair	none	forward	none
69	skip	backward	forward	forward
70	separate	none	none	none
70	common_effect	forward	none	backward
70	common_cause	backward	none	forward
70	line	none	backward	forward
70	pair	backward	none	none
70	skip	forward	backward	backward
70	separate	none	none	none
70	common_effect	forward	none	backward
70	common_cause	backward	none	forward
70	line	none	backward	forward
70	pair	backward	none	none
70	skip	forward	backward	backward
70	separate	none	none	none
70	common_effect	forward	none	backward
70	common_cause	backward	none	forward
70	line	none	backward	forward
70	pair	backward	none	none
70	skip	forward	backward	backward
71	separate	none	none	none
71	common_effect	none	forward	forward
71	common_cause	forward	forward	none
71	line	forward	backward	none
71	pair	none	forward	none
71	skip	forward	forward	backward
71	separate	none	none	none
71	common_effect	none	forward	forward
71	common_cause	forward	forward	none
71	line	forward	backward	none
71	pair	none	forward	none
71	skip	forward	forward	backward
71	separate	none	none	none
71	common_effect	none	forward	forward
71	common_cause	forward	forward	none
71	line	forward	backward	none
71	pair	none	forward	none
71	skip	forward	forward	backward
72	separate	none	none	none
72	common_effect	none	forward	forward
72	common_cause	none	backward	backward
72	line	none	forward	backward
72	pair	forward	none	none
72	skip	forward	backward	backward
72	separate	none	none	none
72	common_effect	none	forward	forward
72	common_cause	none	backward	backward
72	line	none	forward	backward
72	pair	forward	none	none
72	skip	forward	backward	backward
72	separate	none	none	none
72	common_effect	none	forward	forward
72	common_cause	none	backward	backward
72	line	none	forward	backward
72	pair	forward	none	none
72	skip	forward	backward	backward
73	separate	none	none	none
73	common_effect	none	forward	forward
73	common_cause	backward	none	forward
73	line	backward	forward	none
73	pair	none	none	forward
73	skip	forward	forward	forward
73	separate	none	none	none
73	common_effect	none	forward	forward
73	common_cause	backward	none	forward
73	line	backward	forward	none
73	pair	none	none	forward
73	skip	forward	forward	forward
73	separate	none	none	none
73	common_effect	none	forward	forward
73	common_cause	backward	none	forward
73	line	backward	forward	none
73	pair	none	none	forward
73	skip	forward	forward	forward
74	separate	none	none	none
74	common_effect	backward	backward	none
74	common_cause	none	backward	backward
74	line	forward	backward	none
74	pair	none	forward	none
74	skip	backward	backward	backward
74	separate	none	none	none
74	common_effect	backward	backward	none
74	common_cause	none	backward	backward
74	line	forward	backward	none
74	pair	none	forward	none
74	skip	backward	backward	backward
74	separate	none	none	none
74	common_effect	backward	backward	none
74	common_cause	none	backward	backward
74	line	forward	backward	none
74	pair	none	forward	none
74	skip	backward	backward	backward
75	separate	none	none	none
75	common_effect	forward	none	backward
75	common_cause	forward	forward	none
75	line	none	backward	forward
75	pair	forward	none	none
75	skip	backward	backward	backward
75	separate	none	none	none
75	common_effect	forward	none	backward
75	common_cause	forward	forward	none
75	line	none	backward	forward
75	pair	forward	none	none
75	skip	backward	backward	backward
75	separate	none	none	none
75	common_effect	forward	none	backward
75	common_cause	forward	forward	none
75	line	none	backward	forward
75	pair	forward	none	none
75	skip	backward	backward	backward
76	separate	none	none	none
76	common_effect	forward	none	backward
76	common_cause	none	backward	backward
76	line	forward	backward	none
76	pair	none	none	backward
76	skip	forward	backward	backward
76	separate	none	none	none
76	common_effect	forward	none	backward
76	common_cause	none	backward	backward
76	line	forward	backward	none
76	pair	none	none	backward
76	skip	forward	backward	backward
76	separate	none	none	none
76	common_effect	forward	none	backward
76	common_cause	none	backward	backward
76	line	forward	backward	none
76	pair	none	none	backward
76	skip	forward	backward	backward
77	separate	none	none	none
77	common_effect	backward	backward	none
77	common_cause	none	backward	backward
77	line	none	forward	backward
77	pair	none	forward	none
77	skip	backward	forward	forward
77	separate	none	none	none
77	common_effect	backward	backward	none
77	common_cause	none	backward	backward
77	line	none	forward	backward
77	pair	none	forward	none
77	skip	backward	forward	forward
77	separate	none	none	none
77	common_effect	backward	backward	none
77	common_cause	none	backward	backward
77	line	none	forward	backward
77	pair	none	forward	none
77	skip	backward	forward	forward
78	separate	none	none	none
78	common_effect	none	forward	forward
78	common_cause	backward	none	forward
78	line	none	backward	forward
78	pair	none	none	backward
78	skip	forward	forward	forward
78	separate	none	none	none
78	common_effect	none	forward	forward
78	common_cause	backward	none	forward
78	line	none	backward	forward
78	pair	none	none	backward
78	skip	forward	forward	forward
78	separate	none	none	none
78	common_effect	none	forward	forward
78	common_cause	backward	none	forward
78	line	none	backward	forward
78	pair	none	none	backward
78	skip	forward	forward	forward
79	separate	none	none	none
79	common_effect	backward	backward	none
79	common_cause	none	backward	backward
79	line	backward	none	backward
79	pair	forward	none	none
79	skip	backward	backward	backward
79	separate	none	none	none
79	common_effect	backward	backward	none
79	common_cause	none	backward	backward
79	line	backward	none	backward
79	pair	forward	none	none
79	skip	backward	backward	backward
79	separate	none	none	none
79	common_effect	backward	backward	none
79	common_cause	none	backward	backward
79	line	backward	none	backward
79	pair	forward	none	none
79	skip	backward	backward	backward
80	separate	none	none	none
80	common_effect	none	forward	forward
80	common_cause	none	backward	backward
80	line	forward	none	forward
80	pair	forward	none	none
80	skip	backward	forward	forward
80	separate	none	none	none
80	common_effect	none	forward	forward
80	common_cause	none	backward	backward
80	line	forward	none	forward
80	pair	forward	none	none
80	skip	backward	forward	forward
80	separate	none	none	none
80	common_effect	none	forward	forward
80	common_cause	none	backward	backward
80	line	forward	none	forward
80	pair	forward	none	none
80	skip	backward	forward	forward
81	separate	none	none	none
81	common_effect	backward	backward	none
81	common_cause	backward	none	forward
81	line	forward	none	forward
81	pair	none	none	forward
81	skip	forward	forward	backward
81	separate	none	none	none
81	common_effect	backward	backward	none
81	common_cause	backward	none	forward
81	line	forward	none	forward
81	pair	none	none	forward
81	skip	forward	forward	backward
81	separate	none	none	none
81	common_effect	backward	backward	none
81	common_cause	backward	none	forward
81	line	forward	none	forward
81	pair	none	none	forward
81	skip	forward	forward	backward
82	separate	none	none	none
82	common_effect	none	forward	forward
82	common_cause	none	backward	backward
82	line	none	forward	backward
82	pair	none	none	backward
82	skip	backward	backward	backward
82	separate	none	none	none
82	common_effect	none	forward	forward
82	common_cause	none	backward	backward
82	line	none	forward	backward
82	pair	none	none	backward
82	skip	backward	backward	backward
82	separate	none	none	none
82	common_effect	none	forward	forward
82	common_cause	none	backward	backward
82	line	none	forward	backward
82	pair	none	none	backward
82	skip	backward	backward	backward
83	separate	none	none	none
83	common_effect	none	forward	forward
83	common_cause	forward	forward	none
83	line	none	forward	backward
83	pair	forward	none	none
83	skip	backward	backward	forward
83	separate	none	none	none
83	common_effect	none	forward	forward
83	common_cause	forward	forward	none
83	line	none	forward	backward
83	pair	forward	none	none
83	skip	backward	backward	forward
83	separate	none	none	none
83	common_effect	none	forward	forward
83	common_cause	forward	forward	none
83	line	none	forward	backward
83	pair	forward	none	none
83	skip	backward	backward	forward
84	separate	none	none	none
84	common_effect	forward	none	backward
84	common_cause	none	backward	backward
84	line	none	backward	forward
84	pair	none	none	backward
84	skip	forward	forward	backward
84	separate	none	none	none
84	common_effect	forward	none	backward
84	common_cause	none	backward	backward
84	line	none	backward	forward
84	pair	none	none	backward
84	skip	forward	forward	backward
84	separate	none	none	none
84	common_effect	forward	none	backward
84	common_cause	none	backward	backward
84	line	none	backward	forward
84	pair	none	none	backward
84	skip	forward	forward	backward
85	separate	none	none	none
85	common_effect	none	forward	forward
85	common_cause	forward	forward	none
85	line	backward	none	backward
85	pair	none	backward	none
85	skip	forward	forward	backward
85	separate	none	none	none
85	common_effect	none	forward	forward
85	common_cause	forward	forward	none
85	line	backward	none	backward
85	pair	none	backward	none
85	skip	forward	forward	backward
85	separate	none	none	none
85	common_effect	none	forward	forward
85	common_cause	forward	forward	none
85	line	backward	none	backward
85	pair	none	backward	none
85	skip	forward	forward	backward
86	separate	none	none	none
86	common_effect	none	forward	forward
86	common_cause	backward	none	forward
86	line	none	backward	forward
86	pair	none	none	forward
86	skip	forward	forward	forward
86	separate	none	none	none
86	common_effect	none	forward	forward
86	common_cause	backward	none	forward
86	line	none	backward	forward
86	pair	none	none	forward
86	skip	forward	forward	forward
86	separate	none	none	none
86	common_effect	none	forward	forward
86	common_cause	backward	none	forward
86	line	none	backward	forward
86	pair	none	none	forward
86	skip	forward	forward	forward
87	separate	none	none	none
87	common_effect	forward	none	backward
87	common_cause	backward	none	forward
87	line	forward	none	forward
87	pair	backward	none	none
87	skip	forward	forward	backward
87	separate	none	none	none
87	common_effect	forward	none	backward
87	common_cause	backward	none	forward
87	line	forward	none	forward
87	pair	backward	none	none
87	skip	forward	forward	backward
87	separate	none	none	none
87	common_effect	forward	none	backward
87	common_cause	backward	none	forward
87	line	forward	none	forward
87	pair	backward	none	none
87	skip	forward	forward	backward
88	separate	none	none	none
88	common_effect	forward	none	backward
88	common_cause	forward	forward	none
88	line	backward	none	backward
88	pair	backward	none	none
88	skip	backward	forward	forward
88	separate	none	none	none
88	common_effect	forward	none	backward
88	common_cause	forward	forward	none
88	line	backward	none	backward
88	pair	backward	none	none
88	skip	backward	forward	forward
88	separate	none	none	none
88	common_effect	forward	none	backward
88	common_cause	forward	forward	none
88	line	backward	none	backward
88	pair	backward	none	none
88	skip	backward	forward	forward
89	separate	none	none	none
89	common_effect	none	forward	forward
89	common_cause	backward	none	forward
89	line	none	backward	forward
89	pair	backward	none	none
89	skip	forward	forward	forward
89	separate	none	none	none
89	common_effect	none	forward	forward
89	common_cause	backward	none	forward
89	line	none	backward	forward
89	pair	backward	none	none
89	skip	forward	forward	forward
89	separate	none	none	none
89	common_effect	none	forward	forward
89	common_cause	backward	none	forward
89	line	none	backward	forward
89	pair	backward	none	none
89	skip	forward	forward	forward
90	separate	none	none	none
90	common_effect	forward	none	backward
90	common_cause	backward	none	forward
90	line	forward	none	forward
90	pair	backward	none	none
90	skip	backward	backward	forward
90	separate	none	none	none
90	common_effect	forward	none	backward
90	common_cause	backward	none	forward
90	line	forward	none	forward
90	pair	backward	none	none
90	skip	backward	backward	forward
90	separate	none	none	none
90	common_effect	forward	none	backward
90	common_cause	backward	none	forward
90	line	forward	none	forward
90	pair	backward	none	none
90	skip	backward	backward	forward
91	separate	none	none	none
91	common_effect	none	forward	forward
91	common_cause	forward	forward	none
91	line	forward	backward	none
91	pair	none	none	backward
91	skip	forward	forward	forward
91	separate	none	none	none
91	common_effect	none	forward	forward
91	common_cause	forward	forward	none
91	line	forward	backward	none
91	pair	none	none	backward
91	skip	forward	forward	forward
91	separate	none	none	none
91	common_effect	none	forward	forward
91	common_cause	forward	forward	none
91	line	forward	backward	none
91	pair	none	none	backward
91	skip	forward	forward	forward
92	separate	none	none	none
92	common_effect	forward	none	backward
92	common_cause	backward	none	forward
92	line	backward	none	backward
92	pair	forward	none	none
92	skip	forward	backward	backward
92	separate	none	none	none
92	common_effect	forward	none	backward
92	common_cause	backward	none	forward
92	line	backward	none	backward
92	pair	forward	none	none
92	skip	forward	backward	backward
92	separate	none	none	none
92	common_effect	forward	none	backward
92	common_cause	backward	none	forward
92	line	backward	none	backward
92	pair	forward	none	none
92	skip	forward	backward	backward
93	separate	none	none	none
93	common_effect	none	forward	forward
93	common_cause	none	backward	backward
93	line	none	forward	backward
93	pair	none	forward	none
93	skip	backward	backward	forward
93	separate	none	none	none
93	common_effect	none	forward	forward
93	common_cause	none	backward	backward
93	line	none	forward	backward
93	pair	none	forward	none
93	skip	backward	backward	forward
93	separate	none	none	none
93	common_effect	none	forward	forward
93	common_cause	none	backward	backward
93	line	none	forward	backward
93	pair	none	forward	none
93	skip	backward	backward	forward
94	separate	none	none	none
94	common_effect	backward	backward	none
94	common_cause	forward	forward	none
94	line	backward	none	backward
94	pair	backward	none	none
94	skip	backward	backward	forward
94	separate	none	none	none
94	common_effect	backward	backward	none
94	common_cause	forward	forward	none
94	line	backward	none	backward
94	pair	backward	none	none
94	skip	backward	backward	forward
94	separate	none	none	none
94	common_effect	backward	backward	none
94	common_cause	forward	forward	none
94	line	backward	none	backward
94	pair	backward	none	none
94	skip	backward	backward	forward
95	separate	none	none	none
95	common_effect	forward	none	backward
95	common_cause	backward	none	forward
95	line	forward	none	forward
95	pair	none	none	backward
95	skip	forward	backward	backward
95	separate	none	none	none
95	common_effect	forward	none	backward
95	common_cause	backward	none	forward
95	line	forward	none	forward
95	pair	none	none	backward
95	skip	forward	backward	backward
95	separate	none	none	none
95	common_effect	forward	none	backward
95	common_cause	backward	none	forward
95	line	forward	none	forward
95	pair	none	none	backward
95	skip	forward	backward	backward
96	separate	none	none	none
96	common_effect	none	forward	forward
96	common_cause	none	backward	backward
96	line	backward	forward	none
96	pair	backward	none	none
96	skip	backward	backward	forward
96	separate	none	none	none
96	common_effect	none	forward	forward
96	common_cause	none	backward	backward
96	line	backward	forward	none
96	pair	backward	none	none
96	skip	backward	backward	forward
96	separate	none	none	none
96	common_effect	none	forward	forward
96	common_cause	none	backward	backward
96	line	backward	forward	none
96	pair	backward	none	none
96	skip	backward	backward	forward
97	separate	none	none	none
97	common_effect	backward	backward	none
97	common_cause	none	backward	backward
97	line	forward	none	forward
97	pair	none	backward	none
97	skip	forward	forward	backward
97	separate	none	none	none
97	common_effect	backward	backward	none
97	common_cause	none	backward	backward
97	line	forward	none	forward
97	pair	none	backward	none
97	skip	forward	forward	backward
97	separate	none	none	none
97	common_effect	backward	backward	none
97	common_cause	none	backward	backward
97	line	forward	none	forward
97	pair	none	backward	none
97	skip	forward	forward	backward
98	separate	none	none	none
98	common_effect	forward	none	backward
98	common_cause	none	backward	backward
98	line	backward	forward	none
98	pair	none	none	backward
98	skip	forward	forward	backward
98	separate	none	none	none
98	common_effect	forward	none	backward
98	common_cause	none	backward	backward
98	line	backward	forward	none
98	pair	none	none	backward
98	skip	forward	forward	backward
98	separate	none	none	none
98	common_effect	forward	none	backward
98	common_cause	none	backward	backward
98	line	backward	forward	none
98	pair	none	none	backward
98	skip	forward	forward	backward
99	separate	none	none	none
99	common_effect	none	forward	forward
99	common_cause	backward	none	forward
99	line	backward	forward	none
99	pair	none	forward	none
99	skip	backward	backward	forward
99	separate	none	none	none
99	common_effect	none	forward	forward
99	common_cause	backward	none	forward
99	line	backward	forward	none
99	pair	none	forward	none
99	skip	backward	backward	forward
99	separate	none	none	none
99	common_effect	none	forward	forward
99	common_cause	backward	none	forward
99	line	backward	forward	none
99	pair	none	forward	none
99	skip	backward	backward	forward
